# generated by scripts/generate_rope_visual.py
v 0.007000 0.000000 -5.716326
v 0.006657 0.002163 -5.716326
v 0.005663 0.004114 -5.716326
v 0.004114 0.005663 -5.716326
v 0.002163 0.006657 -5.716326
v 0.000000 0.007000 -5.716326
v -0.002163 0.006657 -5.716326
v -0.004114 0.005663 -5.716326
v -0.005663 0.004114 -5.716326
v -0.006657 0.002163 -5.716326
v -0.007000 0.000000 -5.716326
v -0.006657 -0.002163 -5.716326
v -0.005663 -0.004114 -5.716326
v -0.004114 -0.005663 -5.716326
v -0.002163 -0.006657 -5.716326
v -0.000000 -0.007000 -5.716326
v 0.002163 -0.006657 -5.716326
v 0.004114 -0.005663 -5.716326
v 0.005663 -0.004114 -5.716326
v 0.006657 -0.002163 -5.716326
v 0.007000 -0.000000 -5.716326
v 0.007000 0.000000 -5.478146
v 0.006657 0.002163 -5.478146
v 0.005663 0.004114 -5.478146
v 0.004114 0.005663 -5.478146
v 0.002163 0.006657 -5.478146
v 0.000000 0.007000 -5.478146
v -0.002163 0.006657 -5.478146
v -0.004114 0.005663 -5.478146
v -0.005663 0.004114 -5.478146
v -0.006657 0.002163 -5.478146
v -0.007000 0.000000 -5.478146
v -0.006657 -0.002163 -5.478146
v -0.005663 -0.004114 -5.478146
v -0.004114 -0.005663 -5.478146
v -0.002163 -0.006657 -5.478146
v -0.000000 -0.007000 -5.478146
v 0.002163 -0.006657 -5.478146
v 0.004114 -0.005663 -5.478146
v 0.005663 -0.004114 -5.478146
v 0.006657 -0.002163 -5.478146
v 0.007000 -0.000000 -5.478146
v 0.007000 0.000000 -5.239966
v 0.006657 0.002163 -5.239966
v 0.005663 0.004114 -5.239966
v 0.004114 0.005663 -5.239966
v 0.002163 0.006657 -5.239966
v 0.000000 0.007000 -5.239966
v -0.002163 0.006657 -5.239966
v -0.004114 0.005663 -5.239966
v -0.005663 0.004114 -5.239966
v -0.006657 0.002163 -5.239966
v -0.007000 0.000000 -5.239966
v -0.006657 -0.002163 -5.239966
v -0.005663 -0.004114 -5.239966
v -0.004114 -0.005663 -5.239966
v -0.002163 -0.006657 -5.239966
v -0.000000 -0.007000 -5.239966
v 0.002163 -0.006657 -5.239966
v 0.004114 -0.005663 -5.239966
v 0.005663 -0.004114 -5.239966
v 0.006657 -0.002163 -5.239966
v 0.007000 -0.000000 -5.239966
v 0.007000 0.000000 -5.001786
v 0.006657 0.002163 -5.001786
v 0.005663 0.004114 -5.001786
v 0.004114 0.005663 -5.001786
v 0.002163 0.006657 -5.001786
v 0.000000 0.007000 -5.001786
v -0.002163 0.006657 -5.001786
v -0.004114 0.005663 -5.001786
v -0.005663 0.004114 -5.001786
v -0.006657 0.002163 -5.001786
v -0.007000 0.000000 -5.001786
v -0.006657 -0.002163 -5.001786
v -0.005663 -0.004114 -5.001786
v -0.004114 -0.005663 -5.001786
v -0.002163 -0.006657 -5.001786
v -0.000000 -0.007000 -5.001786
v 0.002163 -0.006657 -5.001786
v 0.004114 -0.005663 -5.001786
v 0.005663 -0.004114 -5.001786
v 0.006657 -0.002163 -5.001786
v 0.007000 -0.000000 -5.001786
v 0.007000 0.000000 -4.763605
v 0.006657 0.002163 -4.763605
v 0.005663 0.004114 -4.763605
v 0.004114 0.005663 -4.763605
v 0.002163 0.006657 -4.763605
v 0.000000 0.007000 -4.763605
v -0.002163 0.006657 -4.763605
v -0.004114 0.005663 -4.763605
v -0.005663 0.004114 -4.763605
v -0.006657 0.002163 -4.763605
v -0.007000 0.000000 -4.763605
v -0.006657 -0.002163 -4.763605
v -0.005663 -0.004114 -4.763605
v -0.004114 -0.005663 -4.763605
v -0.002163 -0.006657 -4.763605
v -0.000000 -0.007000 -4.763605
v 0.002163 -0.006657 -4.763605
v 0.004114 -0.005663 -4.763605
v 0.005663 -0.004114 -4.763605
v 0.006657 -0.002163 -4.763605
v 0.007000 -0.000000 -4.763605
v 0.007000 0.000000 -4.525425
v 0.006657 0.002163 -4.525425
v 0.005663 0.004114 -4.525425
v 0.004114 0.005663 -4.525425
v 0.002163 0.006657 -4.525425
v 0.000000 0.007000 -4.525425
v -0.002163 0.006657 -4.525425
v -0.004114 0.005663 -4.525425
v -0.005663 0.004114 -4.525425
v -0.006657 0.002163 -4.525425
v -0.007000 0.000000 -4.525425
v -0.006657 -0.002163 -4.525425
v -0.005663 -0.004114 -4.525425
v -0.004114 -0.005663 -4.525425
v -0.002163 -0.006657 -4.525425
v -0.000000 -0.007000 -4.525425
v 0.002163 -0.006657 -4.525425
v 0.004114 -0.005663 -4.525425
v 0.005663 -0.004114 -4.525425
v 0.006657 -0.002163 -4.525425
v 0.007000 -0.000000 -4.525425
v 0.007000 0.000000 -4.287245
v 0.006657 0.002163 -4.287245
v 0.005663 0.004114 -4.287245
v 0.004114 0.005663 -4.287245
v 0.002163 0.006657 -4.287245
v 0.000000 0.007000 -4.287245
v -0.002163 0.006657 -4.287245
v -0.004114 0.005663 -4.287245
v -0.005663 0.004114 -4.287245
v -0.006657 0.002163 -4.287245
v -0.007000 0.000000 -4.287245
v -0.006657 -0.002163 -4.287245
v -0.005663 -0.004114 -4.287245
v -0.004114 -0.005663 -4.287245
v -0.002163 -0.006657 -4.287245
v -0.000000 -0.007000 -4.287245
v 0.002163 -0.006657 -4.287245
v 0.004114 -0.005663 -4.287245
v 0.005663 -0.004114 -4.287245
v 0.006657 -0.002163 -4.287245
v 0.007000 -0.000000 -4.287245
v 0.007000 0.000000 -4.049065
v 0.006657 0.002163 -4.049065
v 0.005663 0.004114 -4.049065
v 0.004114 0.005663 -4.049065
v 0.002163 0.006657 -4.049065
v 0.000000 0.007000 -4.049065
v -0.002163 0.006657 -4.049065
v -0.004114 0.005663 -4.049065
v -0.005663 0.004114 -4.049065
v -0.006657 0.002163 -4.049065
v -0.007000 0.000000 -4.049065
v -0.006657 -0.002163 -4.049065
v -0.005663 -0.004114 -4.049065
v -0.004114 -0.005663 -4.049065
v -0.002163 -0.006657 -4.049065
v -0.000000 -0.007000 -4.049065
v 0.002163 -0.006657 -4.049065
v 0.004114 -0.005663 -4.049065
v 0.005663 -0.004114 -4.049065
v 0.006657 -0.002163 -4.049065
v 0.007000 -0.000000 -4.049065
v 0.007000 0.000000 -3.810884
v 0.006657 0.002163 -3.810884
v 0.005663 0.004114 -3.810884
v 0.004114 0.005663 -3.810884
v 0.002163 0.006657 -3.810884
v 0.000000 0.007000 -3.810884
v -0.002163 0.006657 -3.810884
v -0.004114 0.005663 -3.810884
v -0.005663 0.004114 -3.810884
v -0.006657 0.002163 -3.810884
v -0.007000 0.000000 -3.810884
v -0.006657 -0.002163 -3.810884
v -0.005663 -0.004114 -3.810884
v -0.004114 -0.005663 -3.810884
v -0.002163 -0.006657 -3.810884
v -0.000000 -0.007000 -3.810884
v 0.002163 -0.006657 -3.810884
v 0.004114 -0.005663 -3.810884
v 0.005663 -0.004114 -3.810884
v 0.006657 -0.002163 -3.810884
v 0.007000 -0.000000 -3.810884
v 0.007000 0.000000 -3.572704
v 0.006657 0.002163 -3.572704
v 0.005663 0.004114 -3.572704
v 0.004114 0.005663 -3.572704
v 0.002163 0.006657 -3.572704
v 0.000000 0.007000 -3.572704
v -0.002163 0.006657 -3.572704
v -0.004114 0.005663 -3.572704
v -0.005663 0.004114 -3.572704
v -0.006657 0.002163 -3.572704
v -0.007000 0.000000 -3.572704
v -0.006657 -0.002163 -3.572704
v -0.005663 -0.004114 -3.572704
v -0.004114 -0.005663 -3.572704
v -0.002163 -0.006657 -3.572704
v -0.000000 -0.007000 -3.572704
v 0.002163 -0.006657 -3.572704
v 0.004114 -0.005663 -3.572704
v 0.005663 -0.004114 -3.572704
v 0.006657 -0.002163 -3.572704
v 0.007000 -0.000000 -3.572704
v 0.007000 0.000000 -3.334524
v 0.006657 0.002163 -3.334524
v 0.005663 0.004114 -3.334524
v 0.004114 0.005663 -3.334524
v 0.002163 0.006657 -3.334524
v 0.000000 0.007000 -3.334524
v -0.002163 0.006657 -3.334524
v -0.004114 0.005663 -3.334524
v -0.005663 0.004114 -3.334524
v -0.006657 0.002163 -3.334524
v -0.007000 0.000000 -3.334524
v -0.006657 -0.002163 -3.334524
v -0.005663 -0.004114 -3.334524
v -0.004114 -0.005663 -3.334524
v -0.002163 -0.006657 -3.334524
v -0.000000 -0.007000 -3.334524
v 0.002163 -0.006657 -3.334524
v 0.004114 -0.005663 -3.334524
v 0.005663 -0.004114 -3.334524
v 0.006657 -0.002163 -3.334524
v 0.007000 -0.000000 -3.334524
v 0.007000 0.000000 -3.096343
v 0.006657 0.002163 -3.096343
v 0.005663 0.004114 -3.096343
v 0.004114 0.005663 -3.096343
v 0.002163 0.006657 -3.096343
v 0.000000 0.007000 -3.096343
v -0.002163 0.006657 -3.096343
v -0.004114 0.005663 -3.096343
v -0.005663 0.004114 -3.096343
v -0.006657 0.002163 -3.096343
v -0.007000 0.000000 -3.096343
v -0.006657 -0.002163 -3.096343
v -0.005663 -0.004114 -3.096343
v -0.004114 -0.005663 -3.096343
v -0.002163 -0.006657 -3.096343
v -0.000000 -0.007000 -3.096343
v 0.002163 -0.006657 -3.096343
v 0.004114 -0.005663 -3.096343
v 0.005663 -0.004114 -3.096343
v 0.006657 -0.002163 -3.096343
v 0.007000 -0.000000 -3.096343
v 0.007000 0.000000 -2.858163
v 0.006657 0.002163 -2.858163
v 0.005663 0.004114 -2.858163
v 0.004114 0.005663 -2.858163
v 0.002163 0.006657 -2.858163
v 0.000000 0.007000 -2.858163
v -0.002163 0.006657 -2.858163
v -0.004114 0.005663 -2.858163
v -0.005663 0.004114 -2.858163
v -0.006657 0.002163 -2.858163
v -0.007000 0.000000 -2.858163
v -0.006657 -0.002163 -2.858163
v -0.005663 -0.004114 -2.858163
v -0.004114 -0.005663 -2.858163
v -0.002163 -0.006657 -2.858163
v -0.000000 -0.007000 -2.858163
v 0.002163 -0.006657 -2.858163
v 0.004114 -0.005663 -2.858163
v 0.005663 -0.004114 -2.858163
v 0.006657 -0.002163 -2.858163
v 0.007000 -0.000000 -2.858163
v 0.007000 0.000000 -2.619983
v 0.006657 0.002163 -2.619983
v 0.005663 0.004114 -2.619983
v 0.004114 0.005663 -2.619983
v 0.002163 0.006657 -2.619983
v 0.000000 0.007000 -2.619983
v -0.002163 0.006657 -2.619983
v -0.004114 0.005663 -2.619983
v -0.005663 0.004114 -2.619983
v -0.006657 0.002163 -2.619983
v -0.007000 0.000000 -2.619983
v -0.006657 -0.002163 -2.619983
v -0.005663 -0.004114 -2.619983
v -0.004114 -0.005663 -2.619983
v -0.002163 -0.006657 -2.619983
v -0.000000 -0.007000 -2.619983
v 0.002163 -0.006657 -2.619983
v 0.004114 -0.005663 -2.619983
v 0.005663 -0.004114 -2.619983
v 0.006657 -0.002163 -2.619983
v 0.007000 -0.000000 -2.619983
v 0.007000 0.000000 -2.381803
v 0.006657 0.002163 -2.381803
v 0.005663 0.004114 -2.381803
v 0.004114 0.005663 -2.381803
v 0.002163 0.006657 -2.381803
v 0.000000 0.007000 -2.381803
v -0.002163 0.006657 -2.381803
v -0.004114 0.005663 -2.381803
v -0.005663 0.004114 -2.381803
v -0.006657 0.002163 -2.381803
v -0.007000 0.000000 -2.381803
v -0.006657 -0.002163 -2.381803
v -0.005663 -0.004114 -2.381803
v -0.004114 -0.005663 -2.381803
v -0.002163 -0.006657 -2.381803
v -0.000000 -0.007000 -2.381803
v 0.002163 -0.006657 -2.381803
v 0.004114 -0.005663 -2.381803
v 0.005663 -0.004114 -2.381803
v 0.006657 -0.002163 -2.381803
v 0.007000 -0.000000 -2.381803
v 0.007000 0.000000 -2.143622
v 0.006657 0.002163 -2.143622
v 0.005663 0.004114 -2.143622
v 0.004114 0.005663 -2.143622
v 0.002163 0.006657 -2.143622
v 0.000000 0.007000 -2.143622
v -0.002163 0.006657 -2.143622
v -0.004114 0.005663 -2.143622
v -0.005663 0.004114 -2.143622
v -0.006657 0.002163 -2.143622
v -0.007000 0.000000 -2.143622
v -0.006657 -0.002163 -2.143622
v -0.005663 -0.004114 -2.143622
v -0.004114 -0.005663 -2.143622
v -0.002163 -0.006657 -2.143622
v -0.000000 -0.007000 -2.143622
v 0.002163 -0.006657 -2.143622
v 0.004114 -0.005663 -2.143622
v 0.005663 -0.004114 -2.143622
v 0.006657 -0.002163 -2.143622
v 0.007000 -0.000000 -2.143622
v 0.007000 0.000000 -1.905442
v 0.006657 0.002163 -1.905442
v 0.005663 0.004114 -1.905442
v 0.004114 0.005663 -1.905442
v 0.002163 0.006657 -1.905442
v 0.000000 0.007000 -1.905442
v -0.002163 0.006657 -1.905442
v -0.004114 0.005663 -1.905442
v -0.005663 0.004114 -1.905442
v -0.006657 0.002163 -1.905442
v -0.007000 0.000000 -1.905442
v -0.006657 -0.002163 -1.905442
v -0.005663 -0.004114 -1.905442
v -0.004114 -0.005663 -1.905442
v -0.002163 -0.006657 -1.905442
v -0.000000 -0.007000 -1.905442
v 0.002163 -0.006657 -1.905442
v 0.004114 -0.005663 -1.905442
v 0.005663 -0.004114 -1.905442
v 0.006657 -0.002163 -1.905442
v 0.007000 -0.000000 -1.905442
v 0.007000 0.000000 -1.667262
v 0.006657 0.002163 -1.667262
v 0.005663 0.004114 -1.667262
v 0.004114 0.005663 -1.667262
v 0.002163 0.006657 -1.667262
v 0.000000 0.007000 -1.667262
v -0.002163 0.006657 -1.667262
v -0.004114 0.005663 -1.667262
v -0.005663 0.004114 -1.667262
v -0.006657 0.002163 -1.667262
v -0.007000 0.000000 -1.667262
v -0.006657 -0.002163 -1.667262
v -0.005663 -0.004114 -1.667262
v -0.004114 -0.005663 -1.667262
v -0.002163 -0.006657 -1.667262
v -0.000000 -0.007000 -1.667262
v 0.002163 -0.006657 -1.667262
v 0.004114 -0.005663 -1.667262
v 0.005663 -0.004114 -1.667262
v 0.006657 -0.002163 -1.667262
v 0.007000 -0.000000 -1.667262
v 0.007000 0.000000 -1.429082
v 0.006657 0.002163 -1.429082
v 0.005663 0.004114 -1.429082
v 0.004114 0.005663 -1.429082
v 0.002163 0.006657 -1.429082
v 0.000000 0.007000 -1.429082
v -0.002163 0.006657 -1.429082
v -0.004114 0.005663 -1.429082
v -0.005663 0.004114 -1.429082
v -0.006657 0.002163 -1.429082
v -0.007000 0.000000 -1.429082
v -0.006657 -0.002163 -1.429082
v -0.005663 -0.004114 -1.429082
v -0.004114 -0.005663 -1.429082
v -0.002163 -0.006657 -1.429082
v -0.000000 -0.007000 -1.429082
v 0.002163 -0.006657 -1.429082
v 0.004114 -0.005663 -1.429082
v 0.005663 -0.004114 -1.429082
v 0.006657 -0.002163 -1.429082
v 0.007000 -0.000000 -1.429082
v 0.007000 0.000000 -1.190901
v 0.006657 0.002163 -1.190901
v 0.005663 0.004114 -1.190901
v 0.004114 0.005663 -1.190901
v 0.002163 0.006657 -1.190901
v 0.000000 0.007000 -1.190901
v -0.002163 0.006657 -1.190901
v -0.004114 0.005663 -1.190901
v -0.005663 0.004114 -1.190901
v -0.006657 0.002163 -1.190901
v -0.007000 0.000000 -1.190901
v -0.006657 -0.002163 -1.190901
v -0.005663 -0.004114 -1.190901
v -0.004114 -0.005663 -1.190901
v -0.002163 -0.006657 -1.190901
v -0.000000 -0.007000 -1.190901
v 0.002163 -0.006657 -1.190901
v 0.004114 -0.005663 -1.190901
v 0.005663 -0.004114 -1.190901
v 0.006657 -0.002163 -1.190901
v 0.007000 -0.000000 -1.190901
v 0.007000 0.000000 -0.952721
v 0.006657 0.002163 -0.952721
v 0.005663 0.004114 -0.952721
v 0.004114 0.005663 -0.952721
v 0.002163 0.006657 -0.952721
v 0.000000 0.007000 -0.952721
v -0.002163 0.006657 -0.952721
v -0.004114 0.005663 -0.952721
v -0.005663 0.004114 -0.952721
v -0.006657 0.002163 -0.952721
v -0.007000 0.000000 -0.952721
v -0.006657 -0.002163 -0.952721
v -0.005663 -0.004114 -0.952721
v -0.004114 -0.005663 -0.952721
v -0.002163 -0.006657 -0.952721
v -0.000000 -0.007000 -0.952721
v 0.002163 -0.006657 -0.952721
v 0.004114 -0.005663 -0.952721
v 0.005663 -0.004114 -0.952721
v 0.006657 -0.002163 -0.952721
v 0.007000 -0.000000 -0.952721
v 0.007000 0.000000 -0.714541
v 0.006657 0.002163 -0.714541
v 0.005663 0.004114 -0.714541
v 0.004114 0.005663 -0.714541
v 0.002163 0.006657 -0.714541
v 0.000000 0.007000 -0.714541
v -0.002163 0.006657 -0.714541
v -0.004114 0.005663 -0.714541
v -0.005663 0.004114 -0.714541
v -0.006657 0.002163 -0.714541
v -0.007000 0.000000 -0.714541
v -0.006657 -0.002163 -0.714541
v -0.005663 -0.004114 -0.714541
v -0.004114 -0.005663 -0.714541
v -0.002163 -0.006657 -0.714541
v -0.000000 -0.007000 -0.714541
v 0.002163 -0.006657 -0.714541
v 0.004114 -0.005663 -0.714541
v 0.005663 -0.004114 -0.714541
v 0.006657 -0.002163 -0.714541
v 0.007000 -0.000000 -0.714541
v 0.007000 0.000000 -0.476361
v 0.006657 0.002163 -0.476361
v 0.005663 0.004114 -0.476361
v 0.004114 0.005663 -0.476361
v 0.002163 0.006657 -0.476361
v 0.000000 0.007000 -0.476361
v -0.002163 0.006657 -0.476361
v -0.004114 0.005663 -0.476361
v -0.005663 0.004114 -0.476361
v -0.006657 0.002163 -0.476361
v -0.007000 0.000000 -0.476361
v -0.006657 -0.002163 -0.476361
v -0.005663 -0.004114 -0.476361
v -0.004114 -0.005663 -0.476361
v -0.002163 -0.006657 -0.476361
v -0.000000 -0.007000 -0.476361
v 0.002163 -0.006657 -0.476361
v 0.004114 -0.005663 -0.476361
v 0.005663 -0.004114 -0.476361
v 0.006657 -0.002163 -0.476361
v 0.007000 -0.000000 -0.476361
v 0.007000 0.000000 -0.238180
v 0.006657 0.002163 -0.238180
v 0.005663 0.004114 -0.238180
v 0.004114 0.005663 -0.238180
v 0.002163 0.006657 -0.238180
v 0.000000 0.007000 -0.238180
v -0.002163 0.006657 -0.238180
v -0.004114 0.005663 -0.238180
v -0.005663 0.004114 -0.238180
v -0.006657 0.002163 -0.238180
v -0.007000 0.000000 -0.238180
v -0.006657 -0.002163 -0.238180
v -0.005663 -0.004114 -0.238180
v -0.004114 -0.005663 -0.238180
v -0.002163 -0.006657 -0.238180
v -0.000000 -0.007000 -0.238180
v 0.002163 -0.006657 -0.238180
v 0.004114 -0.005663 -0.238180
v 0.005663 -0.004114 -0.238180
v 0.006657 -0.002163 -0.238180
v 0.007000 -0.000000 -0.238180
v 0.007000 0.000000 0.000000
v 0.006657 0.002163 0.000000
v 0.005663 0.004114 0.000000
v 0.004114 0.005663 0.000000
v 0.002163 0.006657 0.000000
v 0.000000 0.007000 0.000000
v -0.002163 0.006657 0.000000
v -0.004114 0.005663 0.000000
v -0.005663 0.004114 0.000000
v -0.006657 0.002163 0.000000
v -0.007000 0.000000 0.000000
v -0.006657 -0.002163 0.000000
v -0.005663 -0.004114 0.000000
v -0.004114 -0.005663 0.000000
v -0.002163 -0.006657 0.000000
v -0.000000 -0.007000 0.000000
v 0.002163 -0.006657 0.000000
v 0.004114 -0.005663 0.000000
v 0.005663 -0.004114 0.000000
v 0.006657 -0.002163 0.000000
v 0.007000 -0.000000 0.000000
v 0.007000 0.000000 0.238180
v 0.006657 0.002163 0.238180
v 0.005663 0.004114 0.238180
v 0.004114 0.005663 0.238180
v 0.002163 0.006657 0.238180
v 0.000000 0.007000 0.238180
v -0.002163 0.006657 0.238180
v -0.004114 0.005663 0.238180
v -0.005663 0.004114 0.238180
v -0.006657 0.002163 0.238180
v -0.007000 0.000000 0.238180
v -0.006657 -0.002163 0.238180
v -0.005663 -0.004114 0.238180
v -0.004114 -0.005663 0.238180
v -0.002163 -0.006657 0.238180
v -0.000000 -0.007000 0.238180
v 0.002163 -0.006657 0.238180
v 0.004114 -0.005663 0.238180
v 0.005663 -0.004114 0.238180
v 0.006657 -0.002163 0.238180
v 0.007000 -0.000000 0.238180
v 0.007000 0.000000 0.476361
v 0.006657 0.002163 0.476361
v 0.005663 0.004114 0.476361
v 0.004114 0.005663 0.476361
v 0.002163 0.006657 0.476361
v 0.000000 0.007000 0.476361
v -0.002163 0.006657 0.476361
v -0.004114 0.005663 0.476361
v -0.005663 0.004114 0.476361
v -0.006657 0.002163 0.476361
v -0.007000 0.000000 0.476361
v -0.006657 -0.002163 0.476361
v -0.005663 -0.004114 0.476361
v -0.004114 -0.005663 0.476361
v -0.002163 -0.006657 0.476361
v -0.000000 -0.007000 0.476361
v 0.002163 -0.006657 0.476361
v 0.004114 -0.005663 0.476361
v 0.005663 -0.004114 0.476361
v 0.006657 -0.002163 0.476361
v 0.007000 -0.000000 0.476361
v 0.007000 0.000000 0.714541
v 0.006657 0.002163 0.714541
v 0.005663 0.004114 0.714541
v 0.004114 0.005663 0.714541
v 0.002163 0.006657 0.714541
v 0.000000 0.007000 0.714541
v -0.002163 0.006657 0.714541
v -0.004114 0.005663 0.714541
v -0.005663 0.004114 0.714541
v -0.006657 0.002163 0.714541
v -0.007000 0.000000 0.714541
v -0.006657 -0.002163 0.714541
v -0.005663 -0.004114 0.714541
v -0.004114 -0.005663 0.714541
v -0.002163 -0.006657 0.714541
v -0.000000 -0.007000 0.714541
v 0.002163 -0.006657 0.714541
v 0.004114 -0.005663 0.714541
v 0.005663 -0.004114 0.714541
v 0.006657 -0.002163 0.714541
v 0.007000 -0.000000 0.714541
v 0.007000 0.000000 0.952721
v 0.006657 0.002163 0.952721
v 0.005663 0.004114 0.952721
v 0.004114 0.005663 0.952721
v 0.002163 0.006657 0.952721
v 0.000000 0.007000 0.952721
v -0.002163 0.006657 0.952721
v -0.004114 0.005663 0.952721
v -0.005663 0.004114 0.952721
v -0.006657 0.002163 0.952721
v -0.007000 0.000000 0.952721
v -0.006657 -0.002163 0.952721
v -0.005663 -0.004114 0.952721
v -0.004114 -0.005663 0.952721
v -0.002163 -0.006657 0.952721
v -0.000000 -0.007000 0.952721
v 0.002163 -0.006657 0.952721
v 0.004114 -0.005663 0.952721
v 0.005663 -0.004114 0.952721
v 0.006657 -0.002163 0.952721
v 0.007000 -0.000000 0.952721
v 0.007000 0.000000 1.190901
v 0.006657 0.002163 1.190901
v 0.005663 0.004114 1.190901
v 0.004114 0.005663 1.190901
v 0.002163 0.006657 1.190901
v 0.000000 0.007000 1.190901
v -0.002163 0.006657 1.190901
v -0.004114 0.005663 1.190901
v -0.005663 0.004114 1.190901
v -0.006657 0.002163 1.190901
v -0.007000 0.000000 1.190901
v -0.006657 -0.002163 1.190901
v -0.005663 -0.004114 1.190901
v -0.004114 -0.005663 1.190901
v -0.002163 -0.006657 1.190901
v -0.000000 -0.007000 1.190901
v 0.002163 -0.006657 1.190901
v 0.004114 -0.005663 1.190901
v 0.005663 -0.004114 1.190901
v 0.006657 -0.002163 1.190901
v 0.007000 -0.000000 1.190901
v 0.007000 0.000000 1.429082
v 0.006657 0.002163 1.429082
v 0.005663 0.004114 1.429082
v 0.004114 0.005663 1.429082
v 0.002163 0.006657 1.429082
v 0.000000 0.007000 1.429082
v -0.002163 0.006657 1.429082
v -0.004114 0.005663 1.429082
v -0.005663 0.004114 1.429082
v -0.006657 0.002163 1.429082
v -0.007000 0.000000 1.429082
v -0.006657 -0.002163 1.429082
v -0.005663 -0.004114 1.429082
v -0.004114 -0.005663 1.429082
v -0.002163 -0.006657 1.429082
v -0.000000 -0.007000 1.429082
v 0.002163 -0.006657 1.429082
v 0.004114 -0.005663 1.429082
v 0.005663 -0.004114 1.429082
v 0.006657 -0.002163 1.429082
v 0.007000 -0.000000 1.429082
v 0.007000 0.000000 1.667262
v 0.006657 0.002163 1.667262
v 0.005663 0.004114 1.667262
v 0.004114 0.005663 1.667262
v 0.002163 0.006657 1.667262
v 0.000000 0.007000 1.667262
v -0.002163 0.006657 1.667262
v -0.004114 0.005663 1.667262
v -0.005663 0.004114 1.667262
v -0.006657 0.002163 1.667262
v -0.007000 0.000000 1.667262
v -0.006657 -0.002163 1.667262
v -0.005663 -0.004114 1.667262
v -0.004114 -0.005663 1.667262
v -0.002163 -0.006657 1.667262
v -0.000000 -0.007000 1.667262
v 0.002163 -0.006657 1.667262
v 0.004114 -0.005663 1.667262
v 0.005663 -0.004114 1.667262
v 0.006657 -0.002163 1.667262
v 0.007000 -0.000000 1.667262
v 0.007000 0.000000 1.905442
v 0.006657 0.002163 1.905442
v 0.005663 0.004114 1.905442
v 0.004114 0.005663 1.905442
v 0.002163 0.006657 1.905442
v 0.000000 0.007000 1.905442
v -0.002163 0.006657 1.905442
v -0.004114 0.005663 1.905442
v -0.005663 0.004114 1.905442
v -0.006657 0.002163 1.905442
v -0.007000 0.000000 1.905442
v -0.006657 -0.002163 1.905442
v -0.005663 -0.004114 1.905442
v -0.004114 -0.005663 1.905442
v -0.002163 -0.006657 1.905442
v -0.000000 -0.007000 1.905442
v 0.002163 -0.006657 1.905442
v 0.004114 -0.005663 1.905442
v 0.005663 -0.004114 1.905442
v 0.006657 -0.002163 1.905442
v 0.007000 -0.000000 1.905442
v 0.007000 0.000000 2.143622
v 0.006657 0.002163 2.143622
v 0.005663 0.004114 2.143622
v 0.004114 0.005663 2.143622
v 0.002163 0.006657 2.143622
v 0.000000 0.007000 2.143622
v -0.002163 0.006657 2.143622
v -0.004114 0.005663 2.143622
v -0.005663 0.004114 2.143622
v -0.006657 0.002163 2.143622
v -0.007000 0.000000 2.143622
v -0.006657 -0.002163 2.143622
v -0.005663 -0.004114 2.143622
v -0.004114 -0.005663 2.143622
v -0.002163 -0.006657 2.143622
v -0.000000 -0.007000 2.143622
v 0.002163 -0.006657 2.143622
v 0.004114 -0.005663 2.143622
v 0.005663 -0.004114 2.143622
v 0.006657 -0.002163 2.143622
v 0.007000 -0.000000 2.143622
v 0.007000 0.000000 2.381803
v 0.006657 0.002163 2.381803
v 0.005663 0.004114 2.381803
v 0.004114 0.005663 2.381803
v 0.002163 0.006657 2.381803
v 0.000000 0.007000 2.381803
v -0.002163 0.006657 2.381803
v -0.004114 0.005663 2.381803
v -0.005663 0.004114 2.381803
v -0.006657 0.002163 2.381803
v -0.007000 0.000000 2.381803
v -0.006657 -0.002163 2.381803
v -0.005663 -0.004114 2.381803
v -0.004114 -0.005663 2.381803
v -0.002163 -0.006657 2.381803
v -0.000000 -0.007000 2.381803
v 0.002163 -0.006657 2.381803
v 0.004114 -0.005663 2.381803
v 0.005663 -0.004114 2.381803
v 0.006657 -0.002163 2.381803
v 0.007000 -0.000000 2.381803
v 0.007000 0.000000 2.619983
v 0.006657 0.002163 2.619983
v 0.005663 0.004114 2.619983
v 0.004114 0.005663 2.619983
v 0.002163 0.006657 2.619983
v 0.000000 0.007000 2.619983
v -0.002163 0.006657 2.619983
v -0.004114 0.005663 2.619983
v -0.005663 0.004114 2.619983
v -0.006657 0.002163 2.619983
v -0.007000 0.000000 2.619983
v -0.006657 -0.002163 2.619983
v -0.005663 -0.004114 2.619983
v -0.004114 -0.005663 2.619983
v -0.002163 -0.006657 2.619983
v -0.000000 -0.007000 2.619983
v 0.002163 -0.006657 2.619983
v 0.004114 -0.005663 2.619983
v 0.005663 -0.004114 2.619983
v 0.006657 -0.002163 2.619983
v 0.007000 -0.000000 2.619983
v 0.007000 0.000000 2.858163
v 0.006657 0.002163 2.858163
v 0.005663 0.004114 2.858163
v 0.004114 0.005663 2.858163
v 0.002163 0.006657 2.858163
v 0.000000 0.007000 2.858163
v -0.002163 0.006657 2.858163
v -0.004114 0.005663 2.858163
v -0.005663 0.004114 2.858163
v -0.006657 0.002163 2.858163
v -0.007000 0.000000 2.858163
v -0.006657 -0.002163 2.858163
v -0.005663 -0.004114 2.858163
v -0.004114 -0.005663 2.858163
v -0.002163 -0.006657 2.858163
v -0.000000 -0.007000 2.858163
v 0.002163 -0.006657 2.858163
v 0.004114 -0.005663 2.858163
v 0.005663 -0.004114 2.858163
v 0.006657 -0.002163 2.858163
v 0.007000 -0.000000 2.858163
v 0.007000 0.000000 3.096343
v 0.006657 0.002163 3.096343
v 0.005663 0.004114 3.096343
v 0.004114 0.005663 3.096343
v 0.002163 0.006657 3.096343
v 0.000000 0.007000 3.096343
v -0.002163 0.006657 3.096343
v -0.004114 0.005663 3.096343
v -0.005663 0.004114 3.096343
v -0.006657 0.002163 3.096343
v -0.007000 0.000000 3.096343
v -0.006657 -0.002163 3.096343
v -0.005663 -0.004114 3.096343
v -0.004114 -0.005663 3.096343
v -0.002163 -0.006657 3.096343
v -0.000000 -0.007000 3.096343
v 0.002163 -0.006657 3.096343
v 0.004114 -0.005663 3.096343
v 0.005663 -0.004114 3.096343
v 0.006657 -0.002163 3.096343
v 0.007000 -0.000000 3.096343
v 0.007000 0.000000 3.334524
v 0.006657 0.002163 3.334524
v 0.005663 0.004114 3.334524
v 0.004114 0.005663 3.334524
v 0.002163 0.006657 3.334524
v 0.000000 0.007000 3.334524
v -0.002163 0.006657 3.334524
v -0.004114 0.005663 3.334524
v -0.005663 0.004114 3.334524
v -0.006657 0.002163 3.334524
v -0.007000 0.000000 3.334524
v -0.006657 -0.002163 3.334524
v -0.005663 -0.004114 3.334524
v -0.004114 -0.005663 3.334524
v -0.002163 -0.006657 3.334524
v -0.000000 -0.007000 3.334524
v 0.002163 -0.006657 3.334524
v 0.004114 -0.005663 3.334524
v 0.005663 -0.004114 3.334524
v 0.006657 -0.002163 3.334524
v 0.007000 -0.000000 3.334524
v 0.007000 0.000000 3.572704
v 0.006657 0.002163 3.572704
v 0.005663 0.004114 3.572704
v 0.004114 0.005663 3.572704
v 0.002163 0.006657 3.572704
v 0.000000 0.007000 3.572704
v -0.002163 0.006657 3.572704
v -0.004114 0.005663 3.572704
v -0.005663 0.004114 3.572704
v -0.006657 0.002163 3.572704
v -0.007000 0.000000 3.572704
v -0.006657 -0.002163 3.572704
v -0.005663 -0.004114 3.572704
v -0.004114 -0.005663 3.572704
v -0.002163 -0.006657 3.572704
v -0.000000 -0.007000 3.572704
v 0.002163 -0.006657 3.572704
v 0.004114 -0.005663 3.572704
v 0.005663 -0.004114 3.572704
v 0.006657 -0.002163 3.572704
v 0.007000 -0.000000 3.572704
v 0.007000 0.000000 3.810884
v 0.006657 0.002163 3.810884
v 0.005663 0.004114 3.810884
v 0.004114 0.005663 3.810884
v 0.002163 0.006657 3.810884
v 0.000000 0.007000 3.810884
v -0.002163 0.006657 3.810884
v -0.004114 0.005663 3.810884
v -0.005663 0.004114 3.810884
v -0.006657 0.002163 3.810884
v -0.007000 0.000000 3.810884
v -0.006657 -0.002163 3.810884
v -0.005663 -0.004114 3.810884
v -0.004114 -0.005663 3.810884
v -0.002163 -0.006657 3.810884
v -0.000000 -0.007000 3.810884
v 0.002163 -0.006657 3.810884
v 0.004114 -0.005663 3.810884
v 0.005663 -0.004114 3.810884
v 0.006657 -0.002163 3.810884
v 0.007000 -0.000000 3.810884
v 0.007000 0.000000 4.049065
v 0.006657 0.002163 4.049065
v 0.005663 0.004114 4.049065
v 0.004114 0.005663 4.049065
v 0.002163 0.006657 4.049065
v 0.000000 0.007000 4.049065
v -0.002163 0.006657 4.049065
v -0.004114 0.005663 4.049065
v -0.005663 0.004114 4.049065
v -0.006657 0.002163 4.049065
v -0.007000 0.000000 4.049065
v -0.006657 -0.002163 4.049065
v -0.005663 -0.004114 4.049065
v -0.004114 -0.005663 4.049065
v -0.002163 -0.006657 4.049065
v -0.000000 -0.007000 4.049065
v 0.002163 -0.006657 4.049065
v 0.004114 -0.005663 4.049065
v 0.005663 -0.004114 4.049065
v 0.006657 -0.002163 4.049065
v 0.007000 -0.000000 4.049065
v 0.007000 0.000000 4.287245
v 0.006657 0.002163 4.287245
v 0.005663 0.004114 4.287245
v 0.004114 0.005663 4.287245
v 0.002163 0.006657 4.287245
v 0.000000 0.007000 4.287245
v -0.002163 0.006657 4.287245
v -0.004114 0.005663 4.287245
v -0.005663 0.004114 4.287245
v -0.006657 0.002163 4.287245
v -0.007000 0.000000 4.287245
v -0.006657 -0.002163 4.287245
v -0.005663 -0.004114 4.287245
v -0.004114 -0.005663 4.287245
v -0.002163 -0.006657 4.287245
v -0.000000 -0.007000 4.287245
v 0.002163 -0.006657 4.287245
v 0.004114 -0.005663 4.287245
v 0.005663 -0.004114 4.287245
v 0.006657 -0.002163 4.287245
v 0.007000 -0.000000 4.287245
v 0.007000 0.000000 4.525425
v 0.006657 0.002163 4.525425
v 0.005663 0.004114 4.525425
v 0.004114 0.005663 4.525425
v 0.002163 0.006657 4.525425
v 0.000000 0.007000 4.525425
v -0.002163 0.006657 4.525425
v -0.004114 0.005663 4.525425
v -0.005663 0.004114 4.525425
v -0.006657 0.002163 4.525425
v -0.007000 0.000000 4.525425
v -0.006657 -0.002163 4.525425
v -0.005663 -0.004114 4.525425
v -0.004114 -0.005663 4.525425
v -0.002163 -0.006657 4.525425
v -0.000000 -0.007000 4.525425
v 0.002163 -0.006657 4.525425
v 0.004114 -0.005663 4.525425
v 0.005663 -0.004114 4.525425
v 0.006657 -0.002163 4.525425
v 0.007000 -0.000000 4.525425
v 0.007000 0.000000 4.763605
v 0.006657 0.002163 4.763605
v 0.005663 0.004114 4.763605
v 0.004114 0.005663 4.763605
v 0.002163 0.006657 4.763605
v 0.000000 0.007000 4.763605
v -0.002163 0.006657 4.763605
v -0.004114 0.005663 4.763605
v -0.005663 0.004114 4.763605
v -0.006657 0.002163 4.763605
v -0.007000 0.000000 4.763605
v -0.006657 -0.002163 4.763605
v -0.005663 -0.004114 4.763605
v -0.004114 -0.005663 4.763605
v -0.002163 -0.006657 4.763605
v -0.000000 -0.007000 4.763605
v 0.002163 -0.006657 4.763605
v 0.004114 -0.005663 4.763605
v 0.005663 -0.004114 4.763605
v 0.006657 -0.002163 4.763605
v 0.007000 -0.000000 4.763605
v 0.007000 0.000000 5.001786
v 0.006657 0.002163 5.001786
v 0.005663 0.004114 5.001786
v 0.004114 0.005663 5.001786
v 0.002163 0.006657 5.001786
v 0.000000 0.007000 5.001786
v -0.002163 0.006657 5.001786
v -0.004114 0.005663 5.001786
v -0.005663 0.004114 5.001786
v -0.006657 0.002163 5.001786
v -0.007000 0.000000 5.001786
v -0.006657 -0.002163 5.001786
v -0.005663 -0.004114 5.001786
v -0.004114 -0.005663 5.001786
v -0.002163 -0.006657 5.001786
v -0.000000 -0.007000 5.001786
v 0.002163 -0.006657 5.001786
v 0.004114 -0.005663 5.001786
v 0.005663 -0.004114 5.001786
v 0.006657 -0.002163 5.001786
v 0.007000 -0.000000 5.001786
v 0.007000 0.000000 5.239966
v 0.006657 0.002163 5.239966
v 0.005663 0.004114 5.239966
v 0.004114 0.005663 5.239966
v 0.002163 0.006657 5.239966
v 0.000000 0.007000 5.239966
v -0.002163 0.006657 5.239966
v -0.004114 0.005663 5.239966
v -0.005663 0.004114 5.239966
v -0.006657 0.002163 5.239966
v -0.007000 0.000000 5.239966
v -0.006657 -0.002163 5.239966
v -0.005663 -0.004114 5.239966
v -0.004114 -0.005663 5.239966
v -0.002163 -0.006657 5.239966
v -0.000000 -0.007000 5.239966
v 0.002163 -0.006657 5.239966
v 0.004114 -0.005663 5.239966
v 0.005663 -0.004114 5.239966
v 0.006657 -0.002163 5.239966
v 0.007000 -0.000000 5.239966
v 0.007000 0.000000 5.478146
v 0.006657 0.002163 5.478146
v 0.005663 0.004114 5.478146
v 0.004114 0.005663 5.478146
v 0.002163 0.006657 5.478146
v 0.000000 0.007000 5.478146
v -0.002163 0.006657 5.478146
v -0.004114 0.005663 5.478146
v -0.005663 0.004114 5.478146
v -0.006657 0.002163 5.478146
v -0.007000 0.000000 5.478146
v -0.006657 -0.002163 5.478146
v -0.005663 -0.004114 5.478146
v -0.004114 -0.005663 5.478146
v -0.002163 -0.006657 5.478146
v -0.000000 -0.007000 5.478146
v 0.002163 -0.006657 5.478146
v 0.004114 -0.005663 5.478146
v 0.005663 -0.004114 5.478146
v 0.006657 -0.002163 5.478146
v 0.007000 -0.000000 5.478146
v 0.007000 0.000000 5.716326
v 0.006657 0.002163 5.716326
v 0.005663 0.004114 5.716326
v 0.004114 0.005663 5.716326
v 0.002163 0.006657 5.716326
v 0.000000 0.007000 5.716326
v -0.002163 0.006657 5.716326
v -0.004114 0.005663 5.716326
v -0.005663 0.004114 5.716326
v -0.006657 0.002163 5.716326
v -0.007000 0.000000 5.716326
v -0.006657 -0.002163 5.716326
v -0.005663 -0.004114 5.716326
v -0.004114 -0.005663 5.716326
v -0.002163 -0.006657 5.716326
v -0.000000 -0.007000 5.716326
v 0.002163 -0.006657 5.716326
v 0.004114 -0.005663 5.716326
v 0.005663 -0.004114 5.716326
v 0.006657 -0.002163 5.716326
v 0.007000 -0.000000 5.716326
vt 0.00000 0.00000
vt 0.00000 0.05000
vt 0.00000 0.10000
vt 0.00000 0.15000
vt 0.00000 0.20000
vt 0.00000 0.25000
vt 0.00000 0.30000
vt 0.00000 0.35000
vt 0.00000 0.40000
vt 0.00000 0.45000
vt 0.00000 0.50000
vt 0.00000 0.55000
vt 0.00000 0.60000
vt 0.00000 0.65000
vt 0.00000 0.70000
vt 0.00000 0.75000
vt 0.00000 0.80000
vt 0.00000 0.85000
vt 0.00000 0.90000
vt 0.00000 0.95000
vt 0.00000 1.00000
vt 5.41537 0.00000
vt 5.41537 0.05000
vt 5.41537 0.10000
vt 5.41537 0.15000
vt 5.41537 0.20000
vt 5.41537 0.25000
vt 5.41537 0.30000
vt 5.41537 0.35000
vt 5.41537 0.40000
vt 5.41537 0.45000
vt 5.41537 0.50000
vt 5.41537 0.55000
vt 5.41537 0.60000
vt 5.41537 0.65000
vt 5.41537 0.70000
vt 5.41537 0.75000
vt 5.41537 0.80000
vt 5.41537 0.85000
vt 5.41537 0.90000
vt 5.41537 0.95000
vt 5.41537 1.00000
vt 10.83073 0.00000
vt 10.83073 0.05000
vt 10.83073 0.10000
vt 10.83073 0.15000
vt 10.83073 0.20000
vt 10.83073 0.25000
vt 10.83073 0.30000
vt 10.83073 0.35000
vt 10.83073 0.40000
vt 10.83073 0.45000
vt 10.83073 0.50000
vt 10.83073 0.55000
vt 10.83073 0.60000
vt 10.83073 0.65000
vt 10.83073 0.70000
vt 10.83073 0.75000
vt 10.83073 0.80000
vt 10.83073 0.85000
vt 10.83073 0.90000
vt 10.83073 0.95000
vt 10.83073 1.00000
vt 16.24610 0.00000
vt 16.24610 0.05000
vt 16.24610 0.10000
vt 16.24610 0.15000
vt 16.24610 0.20000
vt 16.24610 0.25000
vt 16.24610 0.30000
vt 16.24610 0.35000
vt 16.24610 0.40000
vt 16.24610 0.45000
vt 16.24610 0.50000
vt 16.24610 0.55000
vt 16.24610 0.60000
vt 16.24610 0.65000
vt 16.24610 0.70000
vt 16.24610 0.75000
vt 16.24610 0.80000
vt 16.24610 0.85000
vt 16.24610 0.90000
vt 16.24610 0.95000
vt 16.24610 1.00000
vt 21.66147 0.00000
vt 21.66147 0.05000
vt 21.66147 0.10000
vt 21.66147 0.15000
vt 21.66147 0.20000
vt 21.66147 0.25000
vt 21.66147 0.30000
vt 21.66147 0.35000
vt 21.66147 0.40000
vt 21.66147 0.45000
vt 21.66147 0.50000
vt 21.66147 0.55000
vt 21.66147 0.60000
vt 21.66147 0.65000
vt 21.66147 0.70000
vt 21.66147 0.75000
vt 21.66147 0.80000
vt 21.66147 0.85000
vt 21.66147 0.90000
vt 21.66147 0.95000
vt 21.66147 1.00000
vt 27.07683 0.00000
vt 27.07683 0.05000
vt 27.07683 0.10000
vt 27.07683 0.15000
vt 27.07683 0.20000
vt 27.07683 0.25000
vt 27.07683 0.30000
vt 27.07683 0.35000
vt 27.07683 0.40000
vt 27.07683 0.45000
vt 27.07683 0.50000
vt 27.07683 0.55000
vt 27.07683 0.60000
vt 27.07683 0.65000
vt 27.07683 0.70000
vt 27.07683 0.75000
vt 27.07683 0.80000
vt 27.07683 0.85000
vt 27.07683 0.90000
vt 27.07683 0.95000
vt 27.07683 1.00000
vt 32.49220 0.00000
vt 32.49220 0.05000
vt 32.49220 0.10000
vt 32.49220 0.15000
vt 32.49220 0.20000
vt 32.49220 0.25000
vt 32.49220 0.30000
vt 32.49220 0.35000
vt 32.49220 0.40000
vt 32.49220 0.45000
vt 32.49220 0.50000
vt 32.49220 0.55000
vt 32.49220 0.60000
vt 32.49220 0.65000
vt 32.49220 0.70000
vt 32.49220 0.75000
vt 32.49220 0.80000
vt 32.49220 0.85000
vt 32.49220 0.90000
vt 32.49220 0.95000
vt 32.49220 1.00000
vt 37.90757 0.00000
vt 37.90757 0.05000
vt 37.90757 0.10000
vt 37.90757 0.15000
vt 37.90757 0.20000
vt 37.90757 0.25000
vt 37.90757 0.30000
vt 37.90757 0.35000
vt 37.90757 0.40000
vt 37.90757 0.45000
vt 37.90757 0.50000
vt 37.90757 0.55000
vt 37.90757 0.60000
vt 37.90757 0.65000
vt 37.90757 0.70000
vt 37.90757 0.75000
vt 37.90757 0.80000
vt 37.90757 0.85000
vt 37.90757 0.90000
vt 37.90757 0.95000
vt 37.90757 1.00000
vt 43.32293 0.00000
vt 43.32293 0.05000
vt 43.32293 0.10000
vt 43.32293 0.15000
vt 43.32293 0.20000
vt 43.32293 0.25000
vt 43.32293 0.30000
vt 43.32293 0.35000
vt 43.32293 0.40000
vt 43.32293 0.45000
vt 43.32293 0.50000
vt 43.32293 0.55000
vt 43.32293 0.60000
vt 43.32293 0.65000
vt 43.32293 0.70000
vt 43.32293 0.75000
vt 43.32293 0.80000
vt 43.32293 0.85000
vt 43.32293 0.90000
vt 43.32293 0.95000
vt 43.32293 1.00000
vt 48.73830 0.00000
vt 48.73830 0.05000
vt 48.73830 0.10000
vt 48.73830 0.15000
vt 48.73830 0.20000
vt 48.73830 0.25000
vt 48.73830 0.30000
vt 48.73830 0.35000
vt 48.73830 0.40000
vt 48.73830 0.45000
vt 48.73830 0.50000
vt 48.73830 0.55000
vt 48.73830 0.60000
vt 48.73830 0.65000
vt 48.73830 0.70000
vt 48.73830 0.75000
vt 48.73830 0.80000
vt 48.73830 0.85000
vt 48.73830 0.90000
vt 48.73830 0.95000
vt 48.73830 1.00000
vt 54.15367 0.00000
vt 54.15367 0.05000
vt 54.15367 0.10000
vt 54.15367 0.15000
vt 54.15367 0.20000
vt 54.15367 0.25000
vt 54.15367 0.30000
vt 54.15367 0.35000
vt 54.15367 0.40000
vt 54.15367 0.45000
vt 54.15367 0.50000
vt 54.15367 0.55000
vt 54.15367 0.60000
vt 54.15367 0.65000
vt 54.15367 0.70000
vt 54.15367 0.75000
vt 54.15367 0.80000
vt 54.15367 0.85000
vt 54.15367 0.90000
vt 54.15367 0.95000
vt 54.15367 1.00000
vt 59.56903 0.00000
vt 59.56903 0.05000
vt 59.56903 0.10000
vt 59.56903 0.15000
vt 59.56903 0.20000
vt 59.56903 0.25000
vt 59.56903 0.30000
vt 59.56903 0.35000
vt 59.56903 0.40000
vt 59.56903 0.45000
vt 59.56903 0.50000
vt 59.56903 0.55000
vt 59.56903 0.60000
vt 59.56903 0.65000
vt 59.56903 0.70000
vt 59.56903 0.75000
vt 59.56903 0.80000
vt 59.56903 0.85000
vt 59.56903 0.90000
vt 59.56903 0.95000
vt 59.56903 1.00000
vt 64.98440 0.00000
vt 64.98440 0.05000
vt 64.98440 0.10000
vt 64.98440 0.15000
vt 64.98440 0.20000
vt 64.98440 0.25000
vt 64.98440 0.30000
vt 64.98440 0.35000
vt 64.98440 0.40000
vt 64.98440 0.45000
vt 64.98440 0.50000
vt 64.98440 0.55000
vt 64.98440 0.60000
vt 64.98440 0.65000
vt 64.98440 0.70000
vt 64.98440 0.75000
vt 64.98440 0.80000
vt 64.98440 0.85000
vt 64.98440 0.90000
vt 64.98440 0.95000
vt 64.98440 1.00000
vt 70.39977 0.00000
vt 70.39977 0.05000
vt 70.39977 0.10000
vt 70.39977 0.15000
vt 70.39977 0.20000
vt 70.39977 0.25000
vt 70.39977 0.30000
vt 70.39977 0.35000
vt 70.39977 0.40000
vt 70.39977 0.45000
vt 70.39977 0.50000
vt 70.39977 0.55000
vt 70.39977 0.60000
vt 70.39977 0.65000
vt 70.39977 0.70000
vt 70.39977 0.75000
vt 70.39977 0.80000
vt 70.39977 0.85000
vt 70.39977 0.90000
vt 70.39977 0.95000
vt 70.39977 1.00000
vt 75.81513 0.00000
vt 75.81513 0.05000
vt 75.81513 0.10000
vt 75.81513 0.15000
vt 75.81513 0.20000
vt 75.81513 0.25000
vt 75.81513 0.30000
vt 75.81513 0.35000
vt 75.81513 0.40000
vt 75.81513 0.45000
vt 75.81513 0.50000
vt 75.81513 0.55000
vt 75.81513 0.60000
vt 75.81513 0.65000
vt 75.81513 0.70000
vt 75.81513 0.75000
vt 75.81513 0.80000
vt 75.81513 0.85000
vt 75.81513 0.90000
vt 75.81513 0.95000
vt 75.81513 1.00000
vt 81.23050 0.00000
vt 81.23050 0.05000
vt 81.23050 0.10000
vt 81.23050 0.15000
vt 81.23050 0.20000
vt 81.23050 0.25000
vt 81.23050 0.30000
vt 81.23050 0.35000
vt 81.23050 0.40000
vt 81.23050 0.45000
vt 81.23050 0.50000
vt 81.23050 0.55000
vt 81.23050 0.60000
vt 81.23050 0.65000
vt 81.23050 0.70000
vt 81.23050 0.75000
vt 81.23050 0.80000
vt 81.23050 0.85000
vt 81.23050 0.90000
vt 81.23050 0.95000
vt 81.23050 1.00000
vt 86.64587 0.00000
vt 86.64587 0.05000
vt 86.64587 0.10000
vt 86.64587 0.15000
vt 86.64587 0.20000
vt 86.64587 0.25000
vt 86.64587 0.30000
vt 86.64587 0.35000
vt 86.64587 0.40000
vt 86.64587 0.45000
vt 86.64587 0.50000
vt 86.64587 0.55000
vt 86.64587 0.60000
vt 86.64587 0.65000
vt 86.64587 0.70000
vt 86.64587 0.75000
vt 86.64587 0.80000
vt 86.64587 0.85000
vt 86.64587 0.90000
vt 86.64587 0.95000
vt 86.64587 1.00000
vt 92.06123 0.00000
vt 92.06123 0.05000
vt 92.06123 0.10000
vt 92.06123 0.15000
vt 92.06123 0.20000
vt 92.06123 0.25000
vt 92.06123 0.30000
vt 92.06123 0.35000
vt 92.06123 0.40000
vt 92.06123 0.45000
vt 92.06123 0.50000
vt 92.06123 0.55000
vt 92.06123 0.60000
vt 92.06123 0.65000
vt 92.06123 0.70000
vt 92.06123 0.75000
vt 92.06123 0.80000
vt 92.06123 0.85000
vt 92.06123 0.90000
vt 92.06123 0.95000
vt 92.06123 1.00000
vt 97.47660 0.00000
vt 97.47660 0.05000
vt 97.47660 0.10000
vt 97.47660 0.15000
vt 97.47660 0.20000
vt 97.47660 0.25000
vt 97.47660 0.30000
vt 97.47660 0.35000
vt 97.47660 0.40000
vt 97.47660 0.45000
vt 97.47660 0.50000
vt 97.47660 0.55000
vt 97.47660 0.60000
vt 97.47660 0.65000
vt 97.47660 0.70000
vt 97.47660 0.75000
vt 97.47660 0.80000
vt 97.47660 0.85000
vt 97.47660 0.90000
vt 97.47660 0.95000
vt 97.47660 1.00000
vt 102.89197 0.00000
vt 102.89197 0.05000
vt 102.89197 0.10000
vt 102.89197 0.15000
vt 102.89197 0.20000
vt 102.89197 0.25000
vt 102.89197 0.30000
vt 102.89197 0.35000
vt 102.89197 0.40000
vt 102.89197 0.45000
vt 102.89197 0.50000
vt 102.89197 0.55000
vt 102.89197 0.60000
vt 102.89197 0.65000
vt 102.89197 0.70000
vt 102.89197 0.75000
vt 102.89197 0.80000
vt 102.89197 0.85000
vt 102.89197 0.90000
vt 102.89197 0.95000
vt 102.89197 1.00000
vt 108.30733 0.00000
vt 108.30733 0.05000
vt 108.30733 0.10000
vt 108.30733 0.15000
vt 108.30733 0.20000
vt 108.30733 0.25000
vt 108.30733 0.30000
vt 108.30733 0.35000
vt 108.30733 0.40000
vt 108.30733 0.45000
vt 108.30733 0.50000
vt 108.30733 0.55000
vt 108.30733 0.60000
vt 108.30733 0.65000
vt 108.30733 0.70000
vt 108.30733 0.75000
vt 108.30733 0.80000
vt 108.30733 0.85000
vt 108.30733 0.90000
vt 108.30733 0.95000
vt 108.30733 1.00000
vt 113.72270 0.00000
vt 113.72270 0.05000
vt 113.72270 0.10000
vt 113.72270 0.15000
vt 113.72270 0.20000
vt 113.72270 0.25000
vt 113.72270 0.30000
vt 113.72270 0.35000
vt 113.72270 0.40000
vt 113.72270 0.45000
vt 113.72270 0.50000
vt 113.72270 0.55000
vt 113.72270 0.60000
vt 113.72270 0.65000
vt 113.72270 0.70000
vt 113.72270 0.75000
vt 113.72270 0.80000
vt 113.72270 0.85000
vt 113.72270 0.90000
vt 113.72270 0.95000
vt 113.72270 1.00000
vt 119.13807 0.00000
vt 119.13807 0.05000
vt 119.13807 0.10000
vt 119.13807 0.15000
vt 119.13807 0.20000
vt 119.13807 0.25000
vt 119.13807 0.30000
vt 119.13807 0.35000
vt 119.13807 0.40000
vt 119.13807 0.45000
vt 119.13807 0.50000
vt 119.13807 0.55000
vt 119.13807 0.60000
vt 119.13807 0.65000
vt 119.13807 0.70000
vt 119.13807 0.75000
vt 119.13807 0.80000
vt 119.13807 0.85000
vt 119.13807 0.90000
vt 119.13807 0.95000
vt 119.13807 1.00000
vt 124.55343 0.00000
vt 124.55343 0.05000
vt 124.55343 0.10000
vt 124.55343 0.15000
vt 124.55343 0.20000
vt 124.55343 0.25000
vt 124.55343 0.30000
vt 124.55343 0.35000
vt 124.55343 0.40000
vt 124.55343 0.45000
vt 124.55343 0.50000
vt 124.55343 0.55000
vt 124.55343 0.60000
vt 124.55343 0.65000
vt 124.55343 0.70000
vt 124.55343 0.75000
vt 124.55343 0.80000
vt 124.55343 0.85000
vt 124.55343 0.90000
vt 124.55343 0.95000
vt 124.55343 1.00000
vt 129.96880 0.00000
vt 129.96880 0.05000
vt 129.96880 0.10000
vt 129.96880 0.15000
vt 129.96880 0.20000
vt 129.96880 0.25000
vt 129.96880 0.30000
vt 129.96880 0.35000
vt 129.96880 0.40000
vt 129.96880 0.45000
vt 129.96880 0.50000
vt 129.96880 0.55000
vt 129.96880 0.60000
vt 129.96880 0.65000
vt 129.96880 0.70000
vt 129.96880 0.75000
vt 129.96880 0.80000
vt 129.96880 0.85000
vt 129.96880 0.90000
vt 129.96880 0.95000
vt 129.96880 1.00000
vt 135.38417 0.00000
vt 135.38417 0.05000
vt 135.38417 0.10000
vt 135.38417 0.15000
vt 135.38417 0.20000
vt 135.38417 0.25000
vt 135.38417 0.30000
vt 135.38417 0.35000
vt 135.38417 0.40000
vt 135.38417 0.45000
vt 135.38417 0.50000
vt 135.38417 0.55000
vt 135.38417 0.60000
vt 135.38417 0.65000
vt 135.38417 0.70000
vt 135.38417 0.75000
vt 135.38417 0.80000
vt 135.38417 0.85000
vt 135.38417 0.90000
vt 135.38417 0.95000
vt 135.38417 1.00000
vt 140.79953 0.00000
vt 140.79953 0.05000
vt 140.79953 0.10000
vt 140.79953 0.15000
vt 140.79953 0.20000
vt 140.79953 0.25000
vt 140.79953 0.30000
vt 140.79953 0.35000
vt 140.79953 0.40000
vt 140.79953 0.45000
vt 140.79953 0.50000
vt 140.79953 0.55000
vt 140.79953 0.60000
vt 140.79953 0.65000
vt 140.79953 0.70000
vt 140.79953 0.75000
vt 140.79953 0.80000
vt 140.79953 0.85000
vt 140.79953 0.90000
vt 140.79953 0.95000
vt 140.79953 1.00000
vt 146.21490 0.00000
vt 146.21490 0.05000
vt 146.21490 0.10000
vt 146.21490 0.15000
vt 146.21490 0.20000
vt 146.21490 0.25000
vt 146.21490 0.30000
vt 146.21490 0.35000
vt 146.21490 0.40000
vt 146.21490 0.45000
vt 146.21490 0.50000
vt 146.21490 0.55000
vt 146.21490 0.60000
vt 146.21490 0.65000
vt 146.21490 0.70000
vt 146.21490 0.75000
vt 146.21490 0.80000
vt 146.21490 0.85000
vt 146.21490 0.90000
vt 146.21490 0.95000
vt 146.21490 1.00000
vt 151.63027 0.00000
vt 151.63027 0.05000
vt 151.63027 0.10000
vt 151.63027 0.15000
vt 151.63027 0.20000
vt 151.63027 0.25000
vt 151.63027 0.30000
vt 151.63027 0.35000
vt 151.63027 0.40000
vt 151.63027 0.45000
vt 151.63027 0.50000
vt 151.63027 0.55000
vt 151.63027 0.60000
vt 151.63027 0.65000
vt 151.63027 0.70000
vt 151.63027 0.75000
vt 151.63027 0.80000
vt 151.63027 0.85000
vt 151.63027 0.90000
vt 151.63027 0.95000
vt 151.63027 1.00000
vt 157.04563 0.00000
vt 157.04563 0.05000
vt 157.04563 0.10000
vt 157.04563 0.15000
vt 157.04563 0.20000
vt 157.04563 0.25000
vt 157.04563 0.30000
vt 157.04563 0.35000
vt 157.04563 0.40000
vt 157.04563 0.45000
vt 157.04563 0.50000
vt 157.04563 0.55000
vt 157.04563 0.60000
vt 157.04563 0.65000
vt 157.04563 0.70000
vt 157.04563 0.75000
vt 157.04563 0.80000
vt 157.04563 0.85000
vt 157.04563 0.90000
vt 157.04563 0.95000
vt 157.04563 1.00000
vt 162.46100 0.00000
vt 162.46100 0.05000
vt 162.46100 0.10000
vt 162.46100 0.15000
vt 162.46100 0.20000
vt 162.46100 0.25000
vt 162.46100 0.30000
vt 162.46100 0.35000
vt 162.46100 0.40000
vt 162.46100 0.45000
vt 162.46100 0.50000
vt 162.46100 0.55000
vt 162.46100 0.60000
vt 162.46100 0.65000
vt 162.46100 0.70000
vt 162.46100 0.75000
vt 162.46100 0.80000
vt 162.46100 0.85000
vt 162.46100 0.90000
vt 162.46100 0.95000
vt 162.46100 1.00000
vt 167.87637 0.00000
vt 167.87637 0.05000
vt 167.87637 0.10000
vt 167.87637 0.15000
vt 167.87637 0.20000
vt 167.87637 0.25000
vt 167.87637 0.30000
vt 167.87637 0.35000
vt 167.87637 0.40000
vt 167.87637 0.45000
vt 167.87637 0.50000
vt 167.87637 0.55000
vt 167.87637 0.60000
vt 167.87637 0.65000
vt 167.87637 0.70000
vt 167.87637 0.75000
vt 167.87637 0.80000
vt 167.87637 0.85000
vt 167.87637 0.90000
vt 167.87637 0.95000
vt 167.87637 1.00000
vt 173.29173 0.00000
vt 173.29173 0.05000
vt 173.29173 0.10000
vt 173.29173 0.15000
vt 173.29173 0.20000
vt 173.29173 0.25000
vt 173.29173 0.30000
vt 173.29173 0.35000
vt 173.29173 0.40000
vt 173.29173 0.45000
vt 173.29173 0.50000
vt 173.29173 0.55000
vt 173.29173 0.60000
vt 173.29173 0.65000
vt 173.29173 0.70000
vt 173.29173 0.75000
vt 173.29173 0.80000
vt 173.29173 0.85000
vt 173.29173 0.90000
vt 173.29173 0.95000
vt 173.29173 1.00000
vt 178.70710 0.00000
vt 178.70710 0.05000
vt 178.70710 0.10000
vt 178.70710 0.15000
vt 178.70710 0.20000
vt 178.70710 0.25000
vt 178.70710 0.30000
vt 178.70710 0.35000
vt 178.70710 0.40000
vt 178.70710 0.45000
vt 178.70710 0.50000
vt 178.70710 0.55000
vt 178.70710 0.60000
vt 178.70710 0.65000
vt 178.70710 0.70000
vt 178.70710 0.75000
vt 178.70710 0.80000
vt 178.70710 0.85000
vt 178.70710 0.90000
vt 178.70710 0.95000
vt 178.70710 1.00000
vt 184.12247 0.00000
vt 184.12247 0.05000
vt 184.12247 0.10000
vt 184.12247 0.15000
vt 184.12247 0.20000
vt 184.12247 0.25000
vt 184.12247 0.30000
vt 184.12247 0.35000
vt 184.12247 0.40000
vt 184.12247 0.45000
vt 184.12247 0.50000
vt 184.12247 0.55000
vt 184.12247 0.60000
vt 184.12247 0.65000
vt 184.12247 0.70000
vt 184.12247 0.75000
vt 184.12247 0.80000
vt 184.12247 0.85000
vt 184.12247 0.90000
vt 184.12247 0.95000
vt 184.12247 1.00000
vt 189.53783 0.00000
vt 189.53783 0.05000
vt 189.53783 0.10000
vt 189.53783 0.15000
vt 189.53783 0.20000
vt 189.53783 0.25000
vt 189.53783 0.30000
vt 189.53783 0.35000
vt 189.53783 0.40000
vt 189.53783 0.45000
vt 189.53783 0.50000
vt 189.53783 0.55000
vt 189.53783 0.60000
vt 189.53783 0.65000
vt 189.53783 0.70000
vt 189.53783 0.75000
vt 189.53783 0.80000
vt 189.53783 0.85000
vt 189.53783 0.90000
vt 189.53783 0.95000
vt 189.53783 1.00000
vt 194.95320 0.00000
vt 194.95320 0.05000
vt 194.95320 0.10000
vt 194.95320 0.15000
vt 194.95320 0.20000
vt 194.95320 0.25000
vt 194.95320 0.30000
vt 194.95320 0.35000
vt 194.95320 0.40000
vt 194.95320 0.45000
vt 194.95320 0.50000
vt 194.95320 0.55000
vt 194.95320 0.60000
vt 194.95320 0.65000
vt 194.95320 0.70000
vt 194.95320 0.75000
vt 194.95320 0.80000
vt 194.95320 0.85000
vt 194.95320 0.90000
vt 194.95320 0.95000
vt 194.95320 1.00000
vt 200.36857 0.00000
vt 200.36857 0.05000
vt 200.36857 0.10000
vt 200.36857 0.15000
vt 200.36857 0.20000
vt 200.36857 0.25000
vt 200.36857 0.30000
vt 200.36857 0.35000
vt 200.36857 0.40000
vt 200.36857 0.45000
vt 200.36857 0.50000
vt 200.36857 0.55000
vt 200.36857 0.60000
vt 200.36857 0.65000
vt 200.36857 0.70000
vt 200.36857 0.75000
vt 200.36857 0.80000
vt 200.36857 0.85000
vt 200.36857 0.90000
vt 200.36857 0.95000
vt 200.36857 1.00000
vt 205.78393 0.00000
vt 205.78393 0.05000
vt 205.78393 0.10000
vt 205.78393 0.15000
vt 205.78393 0.20000
vt 205.78393 0.25000
vt 205.78393 0.30000
vt 205.78393 0.35000
vt 205.78393 0.40000
vt 205.78393 0.45000
vt 205.78393 0.50000
vt 205.78393 0.55000
vt 205.78393 0.60000
vt 205.78393 0.65000
vt 205.78393 0.70000
vt 205.78393 0.75000
vt 205.78393 0.80000
vt 205.78393 0.85000
vt 205.78393 0.90000
vt 205.78393 0.95000
vt 205.78393 1.00000
vt 211.19930 0.00000
vt 211.19930 0.05000
vt 211.19930 0.10000
vt 211.19930 0.15000
vt 211.19930 0.20000
vt 211.19930 0.25000
vt 211.19930 0.30000
vt 211.19930 0.35000
vt 211.19930 0.40000
vt 211.19930 0.45000
vt 211.19930 0.50000
vt 211.19930 0.55000
vt 211.19930 0.60000
vt 211.19930 0.65000
vt 211.19930 0.70000
vt 211.19930 0.75000
vt 211.19930 0.80000
vt 211.19930 0.85000
vt 211.19930 0.90000
vt 211.19930 0.95000
vt 211.19930 1.00000
vt 216.61467 0.00000
vt 216.61467 0.05000
vt 216.61467 0.10000
vt 216.61467 0.15000
vt 216.61467 0.20000
vt 216.61467 0.25000
vt 216.61467 0.30000
vt 216.61467 0.35000
vt 216.61467 0.40000
vt 216.61467 0.45000
vt 216.61467 0.50000
vt 216.61467 0.55000
vt 216.61467 0.60000
vt 216.61467 0.65000
vt 216.61467 0.70000
vt 216.61467 0.75000
vt 216.61467 0.80000
vt 216.61467 0.85000
vt 216.61467 0.90000
vt 216.61467 0.95000
vt 216.61467 1.00000
vt 222.03003 0.00000
vt 222.03003 0.05000
vt 222.03003 0.10000
vt 222.03003 0.15000
vt 222.03003 0.20000
vt 222.03003 0.25000
vt 222.03003 0.30000
vt 222.03003 0.35000
vt 222.03003 0.40000
vt 222.03003 0.45000
vt 222.03003 0.50000
vt 222.03003 0.55000
vt 222.03003 0.60000
vt 222.03003 0.65000
vt 222.03003 0.70000
vt 222.03003 0.75000
vt 222.03003 0.80000
vt 222.03003 0.85000
vt 222.03003 0.90000
vt 222.03003 0.95000
vt 222.03003 1.00000
vt 227.44540 0.00000
vt 227.44540 0.05000
vt 227.44540 0.10000
vt 227.44540 0.15000
vt 227.44540 0.20000
vt 227.44540 0.25000
vt 227.44540 0.30000
vt 227.44540 0.35000
vt 227.44540 0.40000
vt 227.44540 0.45000
vt 227.44540 0.50000
vt 227.44540 0.55000
vt 227.44540 0.60000
vt 227.44540 0.65000
vt 227.44540 0.70000
vt 227.44540 0.75000
vt 227.44540 0.80000
vt 227.44540 0.85000
vt 227.44540 0.90000
vt 227.44540 0.95000
vt 227.44540 1.00000
vt 232.86077 0.00000
vt 232.86077 0.05000
vt 232.86077 0.10000
vt 232.86077 0.15000
vt 232.86077 0.20000
vt 232.86077 0.25000
vt 232.86077 0.30000
vt 232.86077 0.35000
vt 232.86077 0.40000
vt 232.86077 0.45000
vt 232.86077 0.50000
vt 232.86077 0.55000
vt 232.86077 0.60000
vt 232.86077 0.65000
vt 232.86077 0.70000
vt 232.86077 0.75000
vt 232.86077 0.80000
vt 232.86077 0.85000
vt 232.86077 0.90000
vt 232.86077 0.95000
vt 232.86077 1.00000
vt 238.27613 0.00000
vt 238.27613 0.05000
vt 238.27613 0.10000
vt 238.27613 0.15000
vt 238.27613 0.20000
vt 238.27613 0.25000
vt 238.27613 0.30000
vt 238.27613 0.35000
vt 238.27613 0.40000
vt 238.27613 0.45000
vt 238.27613 0.50000
vt 238.27613 0.55000
vt 238.27613 0.60000
vt 238.27613 0.65000
vt 238.27613 0.70000
vt 238.27613 0.75000
vt 238.27613 0.80000
vt 238.27613 0.85000
vt 238.27613 0.90000
vt 238.27613 0.95000
vt 238.27613 1.00000
vt 243.69150 0.00000
vt 243.69150 0.05000
vt 243.69150 0.10000
vt 243.69150 0.15000
vt 243.69150 0.20000
vt 243.69150 0.25000
vt 243.69150 0.30000
vt 243.69150 0.35000
vt 243.69150 0.40000
vt 243.69150 0.45000
vt 243.69150 0.50000
vt 243.69150 0.55000
vt 243.69150 0.60000
vt 243.69150 0.65000
vt 243.69150 0.70000
vt 243.69150 0.75000
vt 243.69150 0.80000
vt 243.69150 0.85000
vt 243.69150 0.90000
vt 243.69150 0.95000
vt 243.69150 1.00000
vt 249.10687 0.00000
vt 249.10687 0.05000
vt 249.10687 0.10000
vt 249.10687 0.15000
vt 249.10687 0.20000
vt 249.10687 0.25000
vt 249.10687 0.30000
vt 249.10687 0.35000
vt 249.10687 0.40000
vt 249.10687 0.45000
vt 249.10687 0.50000
vt 249.10687 0.55000
vt 249.10687 0.60000
vt 249.10687 0.65000
vt 249.10687 0.70000
vt 249.10687 0.75000
vt 249.10687 0.80000
vt 249.10687 0.85000
vt 249.10687 0.90000
vt 249.10687 0.95000
vt 249.10687 1.00000
vt 254.52223 0.00000
vt 254.52223 0.05000
vt 254.52223 0.10000
vt 254.52223 0.15000
vt 254.52223 0.20000
vt 254.52223 0.25000
vt 254.52223 0.30000
vt 254.52223 0.35000
vt 254.52223 0.40000
vt 254.52223 0.45000
vt 254.52223 0.50000
vt 254.52223 0.55000
vt 254.52223 0.60000
vt 254.52223 0.65000
vt 254.52223 0.70000
vt 254.52223 0.75000
vt 254.52223 0.80000
vt 254.52223 0.85000
vt 254.52223 0.90000
vt 254.52223 0.95000
vt 254.52223 1.00000
vt 259.93760 0.00000
vt 259.93760 0.05000
vt 259.93760 0.10000
vt 259.93760 0.15000
vt 259.93760 0.20000
vt 259.93760 0.25000
vt 259.93760 0.30000
vt 259.93760 0.35000
vt 259.93760 0.40000
vt 259.93760 0.45000
vt 259.93760 0.50000
vt 259.93760 0.55000
vt 259.93760 0.60000
vt 259.93760 0.65000
vt 259.93760 0.70000
vt 259.93760 0.75000
vt 259.93760 0.80000
vt 259.93760 0.85000
vt 259.93760 0.90000
vt 259.93760 0.95000
vt 259.93760 1.00000
vn 1.00000 0.00000 0.00000
vn 0.95106 0.30902 0.00000
vn 0.80902 0.58779 0.00000
vn 0.58779 0.80902 0.00000
vn 0.30902 0.95106 0.00000
vn 0.00000 1.00000 0.00000
vn -0.30902 0.95106 0.00000
vn -0.58779 0.80902 0.00000
vn -0.80902 0.58779 0.00000
vn -0.95106 0.30902 0.00000
vn -1.00000 0.00000 0.00000
vn -0.95106 -0.30902 0.00000
vn -0.80902 -0.58779 0.00000
vn -0.58779 -0.80902 0.00000
vn -0.30902 -0.95106 0.00000
vn -0.00000 -1.00000 0.00000
vn 0.30902 -0.95106 0.00000
vn 0.58779 -0.80902 0.00000
vn 0.80902 -0.58779 0.00000
vn 0.95106 -0.30902 0.00000
vn 1.00000 -0.00000 0.00000
f 1/1/1 22/22/1 23/23/2
f 1/1/1 23/23/2 2/2/2
f 2/2/2 23/23/2 24/24/3
f 2/2/2 24/24/3 3/3/3
f 3/3/3 24/24/3 25/25/4
f 3/3/3 25/25/4 4/4/4
f 4/4/4 25/25/4 26/26/5
f 4/4/4 26/26/5 5/5/5
f 5/5/5 26/26/5 27/27/6
f 5/5/5 27/27/6 6/6/6
f 6/6/6 27/27/6 28/28/7
f 6/6/6 28/28/7 7/7/7
f 7/7/7 28/28/7 29/29/8
f 7/7/7 29/29/8 8/8/8
f 8/8/8 29/29/8 30/30/9
f 8/8/8 30/30/9 9/9/9
f 9/9/9 30/30/9 31/31/10
f 9/9/9 31/31/10 10/10/10
f 10/10/10 31/31/10 32/32/11
f 10/10/10 32/32/11 11/11/11
f 11/11/11 32/32/11 33/33/12
f 11/11/11 33/33/12 12/12/12
f 12/12/12 33/33/12 34/34/13
f 12/12/12 34/34/13 13/13/13
f 13/13/13 34/34/13 35/35/14
f 13/13/13 35/35/14 14/14/14
f 14/14/14 35/35/14 36/36/15
f 14/14/14 36/36/15 15/15/15
f 15/15/15 36/36/15 37/37/16
f 15/15/15 37/37/16 16/16/16
f 16/16/16 37/37/16 38/38/17
f 16/16/16 38/38/17 17/17/17
f 17/17/17 38/38/17 39/39/18
f 17/17/17 39/39/18 18/18/18
f 18/18/18 39/39/18 40/40/19
f 18/18/18 40/40/19 19/19/19
f 19/19/19 40/40/19 41/41/20
f 19/19/19 41/41/20 20/20/20
f 20/20/20 41/41/20 42/42/21
f 20/20/20 42/42/21 21/21/21
f 22/22/1 43/43/1 44/44/2
f 22/22/1 44/44/2 23/23/2
f 23/23/2 44/44/2 45/45/3
f 23/23/2 45/45/3 24/24/3
f 24/24/3 45/45/3 46/46/4
f 24/24/3 46/46/4 25/25/4
f 25/25/4 46/46/4 47/47/5
f 25/25/4 47/47/5 26/26/5
f 26/26/5 47/47/5 48/48/6
f 26/26/5 48/48/6 27/27/6
f 27/27/6 48/48/6 49/49/7
f 27/27/6 49/49/7 28/28/7
f 28/28/7 49/49/7 50/50/8
f 28/28/7 50/50/8 29/29/8
f 29/29/8 50/50/8 51/51/9
f 29/29/8 51/51/9 30/30/9
f 30/30/9 51/51/9 52/52/10
f 30/30/9 52/52/10 31/31/10
f 31/31/10 52/52/10 53/53/11
f 31/31/10 53/53/11 32/32/11
f 32/32/11 53/53/11 54/54/12
f 32/32/11 54/54/12 33/33/12
f 33/33/12 54/54/12 55/55/13
f 33/33/12 55/55/13 34/34/13
f 34/34/13 55/55/13 56/56/14
f 34/34/13 56/56/14 35/35/14
f 35/35/14 56/56/14 57/57/15
f 35/35/14 57/57/15 36/36/15
f 36/36/15 57/57/15 58/58/16
f 36/36/15 58/58/16 37/37/16
f 37/37/16 58/58/16 59/59/17
f 37/37/16 59/59/17 38/38/17
f 38/38/17 59/59/17 60/60/18
f 38/38/17 60/60/18 39/39/18
f 39/39/18 60/60/18 61/61/19
f 39/39/18 61/61/19 40/40/19
f 40/40/19 61/61/19 62/62/20
f 40/40/19 62/62/20 41/41/20
f 41/41/20 62/62/20 63/63/21
f 41/41/20 63/63/21 42/42/21
f 43/43/1 64/64/1 65/65/2
f 43/43/1 65/65/2 44/44/2
f 44/44/2 65/65/2 66/66/3
f 44/44/2 66/66/3 45/45/3
f 45/45/3 66/66/3 67/67/4
f 45/45/3 67/67/4 46/46/4
f 46/46/4 67/67/4 68/68/5
f 46/46/4 68/68/5 47/47/5
f 47/47/5 68/68/5 69/69/6
f 47/47/5 69/69/6 48/48/6
f 48/48/6 69/69/6 70/70/7
f 48/48/6 70/70/7 49/49/7
f 49/49/7 70/70/7 71/71/8
f 49/49/7 71/71/8 50/50/8
f 50/50/8 71/71/8 72/72/9
f 50/50/8 72/72/9 51/51/9
f 51/51/9 72/72/9 73/73/10
f 51/51/9 73/73/10 52/52/10
f 52/52/10 73/73/10 74/74/11
f 52/52/10 74/74/11 53/53/11
f 53/53/11 74/74/11 75/75/12
f 53/53/11 75/75/12 54/54/12
f 54/54/12 75/75/12 76/76/13
f 54/54/12 76/76/13 55/55/13
f 55/55/13 76/76/13 77/77/14
f 55/55/13 77/77/14 56/56/14
f 56/56/14 77/77/14 78/78/15
f 56/56/14 78/78/15 57/57/15
f 57/57/15 78/78/15 79/79/16
f 57/57/15 79/79/16 58/58/16
f 58/58/16 79/79/16 80/80/17
f 58/58/16 80/80/17 59/59/17
f 59/59/17 80/80/17 81/81/18
f 59/59/17 81/81/18 60/60/18
f 60/60/18 81/81/18 82/82/19
f 60/60/18 82/82/19 61/61/19
f 61/61/19 82/82/19 83/83/20
f 61/61/19 83/83/20 62/62/20
f 62/62/20 83/83/20 84/84/21
f 62/62/20 84/84/21 63/63/21
f 64/64/1 85/85/1 86/86/2
f 64/64/1 86/86/2 65/65/2
f 65/65/2 86/86/2 87/87/3
f 65/65/2 87/87/3 66/66/3
f 66/66/3 87/87/3 88/88/4
f 66/66/3 88/88/4 67/67/4
f 67/67/4 88/88/4 89/89/5
f 67/67/4 89/89/5 68/68/5
f 68/68/5 89/89/5 90/90/6
f 68/68/5 90/90/6 69/69/6
f 69/69/6 90/90/6 91/91/7
f 69/69/6 91/91/7 70/70/7
f 70/70/7 91/91/7 92/92/8
f 70/70/7 92/92/8 71/71/8
f 71/71/8 92/92/8 93/93/9
f 71/71/8 93/93/9 72/72/9
f 72/72/9 93/93/9 94/94/10
f 72/72/9 94/94/10 73/73/10
f 73/73/10 94/94/10 95/95/11
f 73/73/10 95/95/11 74/74/11
f 74/74/11 95/95/11 96/96/12
f 74/74/11 96/96/12 75/75/12
f 75/75/12 96/96/12 97/97/13
f 75/75/12 97/97/13 76/76/13
f 76/76/13 97/97/13 98/98/14
f 76/76/13 98/98/14 77/77/14
f 77/77/14 98/98/14 99/99/15
f 77/77/14 99/99/15 78/78/15
f 78/78/15 99/99/15 100/100/16
f 78/78/15 100/100/16 79/79/16
f 79/79/16 100/100/16 101/101/17
f 79/79/16 101/101/17 80/80/17
f 80/80/17 101/101/17 102/102/18
f 80/80/17 102/102/18 81/81/18
f 81/81/18 102/102/18 103/103/19
f 81/81/18 103/103/19 82/82/19
f 82/82/19 103/103/19 104/104/20
f 82/82/19 104/104/20 83/83/20
f 83/83/20 104/104/20 105/105/21
f 83/83/20 105/105/21 84/84/21
f 85/85/1 106/106/1 107/107/2
f 85/85/1 107/107/2 86/86/2
f 86/86/2 107/107/2 108/108/3
f 86/86/2 108/108/3 87/87/3
f 87/87/3 108/108/3 109/109/4
f 87/87/3 109/109/4 88/88/4
f 88/88/4 109/109/4 110/110/5
f 88/88/4 110/110/5 89/89/5
f 89/89/5 110/110/5 111/111/6
f 89/89/5 111/111/6 90/90/6
f 90/90/6 111/111/6 112/112/7
f 90/90/6 112/112/7 91/91/7
f 91/91/7 112/112/7 113/113/8
f 91/91/7 113/113/8 92/92/8
f 92/92/8 113/113/8 114/114/9
f 92/92/8 114/114/9 93/93/9
f 93/93/9 114/114/9 115/115/10
f 93/93/9 115/115/10 94/94/10
f 94/94/10 115/115/10 116/116/11
f 94/94/10 116/116/11 95/95/11
f 95/95/11 116/116/11 117/117/12
f 95/95/11 117/117/12 96/96/12
f 96/96/12 117/117/12 118/118/13
f 96/96/12 118/118/13 97/97/13
f 97/97/13 118/118/13 119/119/14
f 97/97/13 119/119/14 98/98/14
f 98/98/14 119/119/14 120/120/15
f 98/98/14 120/120/15 99/99/15
f 99/99/15 120/120/15 121/121/16
f 99/99/15 121/121/16 100/100/16
f 100/100/16 121/121/16 122/122/17
f 100/100/16 122/122/17 101/101/17
f 101/101/17 122/122/17 123/123/18
f 101/101/17 123/123/18 102/102/18
f 102/102/18 123/123/18 124/124/19
f 102/102/18 124/124/19 103/103/19
f 103/103/19 124/124/19 125/125/20
f 103/103/19 125/125/20 104/104/20
f 104/104/20 125/125/20 126/126/21
f 104/104/20 126/126/21 105/105/21
f 106/106/1 127/127/1 128/128/2
f 106/106/1 128/128/2 107/107/2
f 107/107/2 128/128/2 129/129/3
f 107/107/2 129/129/3 108/108/3
f 108/108/3 129/129/3 130/130/4
f 108/108/3 130/130/4 109/109/4
f 109/109/4 130/130/4 131/131/5
f 109/109/4 131/131/5 110/110/5
f 110/110/5 131/131/5 132/132/6
f 110/110/5 132/132/6 111/111/6
f 111/111/6 132/132/6 133/133/7
f 111/111/6 133/133/7 112/112/7
f 112/112/7 133/133/7 134/134/8
f 112/112/7 134/134/8 113/113/8
f 113/113/8 134/134/8 135/135/9
f 113/113/8 135/135/9 114/114/9
f 114/114/9 135/135/9 136/136/10
f 114/114/9 136/136/10 115/115/10
f 115/115/10 136/136/10 137/137/11
f 115/115/10 137/137/11 116/116/11
f 116/116/11 137/137/11 138/138/12
f 116/116/11 138/138/12 117/117/12
f 117/117/12 138/138/12 139/139/13
f 117/117/12 139/139/13 118/118/13
f 118/118/13 139/139/13 140/140/14
f 118/118/13 140/140/14 119/119/14
f 119/119/14 140/140/14 141/141/15
f 119/119/14 141/141/15 120/120/15
f 120/120/15 141/141/15 142/142/16
f 120/120/15 142/142/16 121/121/16
f 121/121/16 142/142/16 143/143/17
f 121/121/16 143/143/17 122/122/17
f 122/122/17 143/143/17 144/144/18
f 122/122/17 144/144/18 123/123/18
f 123/123/18 144/144/18 145/145/19
f 123/123/18 145/145/19 124/124/19
f 124/124/19 145/145/19 146/146/20
f 124/124/19 146/146/20 125/125/20
f 125/125/20 146/146/20 147/147/21
f 125/125/20 147/147/21 126/126/21
f 127/127/1 148/148/1 149/149/2
f 127/127/1 149/149/2 128/128/2
f 128/128/2 149/149/2 150/150/3
f 128/128/2 150/150/3 129/129/3
f 129/129/3 150/150/3 151/151/4
f 129/129/3 151/151/4 130/130/4
f 130/130/4 151/151/4 152/152/5
f 130/130/4 152/152/5 131/131/5
f 131/131/5 152/152/5 153/153/6
f 131/131/5 153/153/6 132/132/6
f 132/132/6 153/153/6 154/154/7
f 132/132/6 154/154/7 133/133/7
f 133/133/7 154/154/7 155/155/8
f 133/133/7 155/155/8 134/134/8
f 134/134/8 155/155/8 156/156/9
f 134/134/8 156/156/9 135/135/9
f 135/135/9 156/156/9 157/157/10
f 135/135/9 157/157/10 136/136/10
f 136/136/10 157/157/10 158/158/11
f 136/136/10 158/158/11 137/137/11
f 137/137/11 158/158/11 159/159/12
f 137/137/11 159/159/12 138/138/12
f 138/138/12 159/159/12 160/160/13
f 138/138/12 160/160/13 139/139/13
f 139/139/13 160/160/13 161/161/14
f 139/139/13 161/161/14 140/140/14
f 140/140/14 161/161/14 162/162/15
f 140/140/14 162/162/15 141/141/15
f 141/141/15 162/162/15 163/163/16
f 141/141/15 163/163/16 142/142/16
f 142/142/16 163/163/16 164/164/17
f 142/142/16 164/164/17 143/143/17
f 143/143/17 164/164/17 165/165/18
f 143/143/17 165/165/18 144/144/18
f 144/144/18 165/165/18 166/166/19
f 144/144/18 166/166/19 145/145/19
f 145/145/19 166/166/19 167/167/20
f 145/145/19 167/167/20 146/146/20
f 146/146/20 167/167/20 168/168/21
f 146/146/20 168/168/21 147/147/21
f 148/148/1 169/169/1 170/170/2
f 148/148/1 170/170/2 149/149/2
f 149/149/2 170/170/2 171/171/3
f 149/149/2 171/171/3 150/150/3
f 150/150/3 171/171/3 172/172/4
f 150/150/3 172/172/4 151/151/4
f 151/151/4 172/172/4 173/173/5
f 151/151/4 173/173/5 152/152/5
f 152/152/5 173/173/5 174/174/6
f 152/152/5 174/174/6 153/153/6
f 153/153/6 174/174/6 175/175/7
f 153/153/6 175/175/7 154/154/7
f 154/154/7 175/175/7 176/176/8
f 154/154/7 176/176/8 155/155/8
f 155/155/8 176/176/8 177/177/9
f 155/155/8 177/177/9 156/156/9
f 156/156/9 177/177/9 178/178/10
f 156/156/9 178/178/10 157/157/10
f 157/157/10 178/178/10 179/179/11
f 157/157/10 179/179/11 158/158/11
f 158/158/11 179/179/11 180/180/12
f 158/158/11 180/180/12 159/159/12
f 159/159/12 180/180/12 181/181/13
f 159/159/12 181/181/13 160/160/13
f 160/160/13 181/181/13 182/182/14
f 160/160/13 182/182/14 161/161/14
f 161/161/14 182/182/14 183/183/15
f 161/161/14 183/183/15 162/162/15
f 162/162/15 183/183/15 184/184/16
f 162/162/15 184/184/16 163/163/16
f 163/163/16 184/184/16 185/185/17
f 163/163/16 185/185/17 164/164/17
f 164/164/17 185/185/17 186/186/18
f 164/164/17 186/186/18 165/165/18
f 165/165/18 186/186/18 187/187/19
f 165/165/18 187/187/19 166/166/19
f 166/166/19 187/187/19 188/188/20
f 166/166/19 188/188/20 167/167/20
f 167/167/20 188/188/20 189/189/21
f 167/167/20 189/189/21 168/168/21
f 169/169/1 190/190/1 191/191/2
f 169/169/1 191/191/2 170/170/2
f 170/170/2 191/191/2 192/192/3
f 170/170/2 192/192/3 171/171/3
f 171/171/3 192/192/3 193/193/4
f 171/171/3 193/193/4 172/172/4
f 172/172/4 193/193/4 194/194/5
f 172/172/4 194/194/5 173/173/5
f 173/173/5 194/194/5 195/195/6
f 173/173/5 195/195/6 174/174/6
f 174/174/6 195/195/6 196/196/7
f 174/174/6 196/196/7 175/175/7
f 175/175/7 196/196/7 197/197/8
f 175/175/7 197/197/8 176/176/8
f 176/176/8 197/197/8 198/198/9
f 176/176/8 198/198/9 177/177/9
f 177/177/9 198/198/9 199/199/10
f 177/177/9 199/199/10 178/178/10
f 178/178/10 199/199/10 200/200/11
f 178/178/10 200/200/11 179/179/11
f 179/179/11 200/200/11 201/201/12
f 179/179/11 201/201/12 180/180/12
f 180/180/12 201/201/12 202/202/13
f 180/180/12 202/202/13 181/181/13
f 181/181/13 202/202/13 203/203/14
f 181/181/13 203/203/14 182/182/14
f 182/182/14 203/203/14 204/204/15
f 182/182/14 204/204/15 183/183/15
f 183/183/15 204/204/15 205/205/16
f 183/183/15 205/205/16 184/184/16
f 184/184/16 205/205/16 206/206/17
f 184/184/16 206/206/17 185/185/17
f 185/185/17 206/206/17 207/207/18
f 185/185/17 207/207/18 186/186/18
f 186/186/18 207/207/18 208/208/19
f 186/186/18 208/208/19 187/187/19
f 187/187/19 208/208/19 209/209/20
f 187/187/19 209/209/20 188/188/20
f 188/188/20 209/209/20 210/210/21
f 188/188/20 210/210/21 189/189/21
f 190/190/1 211/211/1 212/212/2
f 190/190/1 212/212/2 191/191/2
f 191/191/2 212/212/2 213/213/3
f 191/191/2 213/213/3 192/192/3
f 192/192/3 213/213/3 214/214/4
f 192/192/3 214/214/4 193/193/4
f 193/193/4 214/214/4 215/215/5
f 193/193/4 215/215/5 194/194/5
f 194/194/5 215/215/5 216/216/6
f 194/194/5 216/216/6 195/195/6
f 195/195/6 216/216/6 217/217/7
f 195/195/6 217/217/7 196/196/7
f 196/196/7 217/217/7 218/218/8
f 196/196/7 218/218/8 197/197/8
f 197/197/8 218/218/8 219/219/9
f 197/197/8 219/219/9 198/198/9
f 198/198/9 219/219/9 220/220/10
f 198/198/9 220/220/10 199/199/10
f 199/199/10 220/220/10 221/221/11
f 199/199/10 221/221/11 200/200/11
f 200/200/11 221/221/11 222/222/12
f 200/200/11 222/222/12 201/201/12
f 201/201/12 222/222/12 223/223/13
f 201/201/12 223/223/13 202/202/13
f 202/202/13 223/223/13 224/224/14
f 202/202/13 224/224/14 203/203/14
f 203/203/14 224/224/14 225/225/15
f 203/203/14 225/225/15 204/204/15
f 204/204/15 225/225/15 226/226/16
f 204/204/15 226/226/16 205/205/16
f 205/205/16 226/226/16 227/227/17
f 205/205/16 227/227/17 206/206/17
f 206/206/17 227/227/17 228/228/18
f 206/206/17 228/228/18 207/207/18
f 207/207/18 228/228/18 229/229/19
f 207/207/18 229/229/19 208/208/19
f 208/208/19 229/229/19 230/230/20
f 208/208/19 230/230/20 209/209/20
f 209/209/20 230/230/20 231/231/21
f 209/209/20 231/231/21 210/210/21
f 211/211/1 232/232/1 233/233/2
f 211/211/1 233/233/2 212/212/2
f 212/212/2 233/233/2 234/234/3
f 212/212/2 234/234/3 213/213/3
f 213/213/3 234/234/3 235/235/4
f 213/213/3 235/235/4 214/214/4
f 214/214/4 235/235/4 236/236/5
f 214/214/4 236/236/5 215/215/5
f 215/215/5 236/236/5 237/237/6
f 215/215/5 237/237/6 216/216/6
f 216/216/6 237/237/6 238/238/7
f 216/216/6 238/238/7 217/217/7
f 217/217/7 238/238/7 239/239/8
f 217/217/7 239/239/8 218/218/8
f 218/218/8 239/239/8 240/240/9
f 218/218/8 240/240/9 219/219/9
f 219/219/9 240/240/9 241/241/10
f 219/219/9 241/241/10 220/220/10
f 220/220/10 241/241/10 242/242/11
f 220/220/10 242/242/11 221/221/11
f 221/221/11 242/242/11 243/243/12
f 221/221/11 243/243/12 222/222/12
f 222/222/12 243/243/12 244/244/13
f 222/222/12 244/244/13 223/223/13
f 223/223/13 244/244/13 245/245/14
f 223/223/13 245/245/14 224/224/14
f 224/224/14 245/245/14 246/246/15
f 224/224/14 246/246/15 225/225/15
f 225/225/15 246/246/15 247/247/16
f 225/225/15 247/247/16 226/226/16
f 226/226/16 247/247/16 248/248/17
f 226/226/16 248/248/17 227/227/17
f 227/227/17 248/248/17 249/249/18
f 227/227/17 249/249/18 228/228/18
f 228/228/18 249/249/18 250/250/19
f 228/228/18 250/250/19 229/229/19
f 229/229/19 250/250/19 251/251/20
f 229/229/19 251/251/20 230/230/20
f 230/230/20 251/251/20 252/252/21
f 230/230/20 252/252/21 231/231/21
f 232/232/1 253/253/1 254/254/2
f 232/232/1 254/254/2 233/233/2
f 233/233/2 254/254/2 255/255/3
f 233/233/2 255/255/3 234/234/3
f 234/234/3 255/255/3 256/256/4
f 234/234/3 256/256/4 235/235/4
f 235/235/4 256/256/4 257/257/5
f 235/235/4 257/257/5 236/236/5
f 236/236/5 257/257/5 258/258/6
f 236/236/5 258/258/6 237/237/6
f 237/237/6 258/258/6 259/259/7
f 237/237/6 259/259/7 238/238/7
f 238/238/7 259/259/7 260/260/8
f 238/238/7 260/260/8 239/239/8
f 239/239/8 260/260/8 261/261/9
f 239/239/8 261/261/9 240/240/9
f 240/240/9 261/261/9 262/262/10
f 240/240/9 262/262/10 241/241/10
f 241/241/10 262/262/10 263/263/11
f 241/241/10 263/263/11 242/242/11
f 242/242/11 263/263/11 264/264/12
f 242/242/11 264/264/12 243/243/12
f 243/243/12 264/264/12 265/265/13
f 243/243/12 265/265/13 244/244/13
f 244/244/13 265/265/13 266/266/14
f 244/244/13 266/266/14 245/245/14
f 245/245/14 266/266/14 267/267/15
f 245/245/14 267/267/15 246/246/15
f 246/246/15 267/267/15 268/268/16
f 246/246/15 268/268/16 247/247/16
f 247/247/16 268/268/16 269/269/17
f 247/247/16 269/269/17 248/248/17
f 248/248/17 269/269/17 270/270/18
f 248/248/17 270/270/18 249/249/18
f 249/249/18 270/270/18 271/271/19
f 249/249/18 271/271/19 250/250/19
f 250/250/19 271/271/19 272/272/20
f 250/250/19 272/272/20 251/251/20
f 251/251/20 272/272/20 273/273/21
f 251/251/20 273/273/21 252/252/21
f 253/253/1 274/274/1 275/275/2
f 253/253/1 275/275/2 254/254/2
f 254/254/2 275/275/2 276/276/3
f 254/254/2 276/276/3 255/255/3
f 255/255/3 276/276/3 277/277/4
f 255/255/3 277/277/4 256/256/4
f 256/256/4 277/277/4 278/278/5
f 256/256/4 278/278/5 257/257/5
f 257/257/5 278/278/5 279/279/6
f 257/257/5 279/279/6 258/258/6
f 258/258/6 279/279/6 280/280/7
f 258/258/6 280/280/7 259/259/7
f 259/259/7 280/280/7 281/281/8
f 259/259/7 281/281/8 260/260/8
f 260/260/8 281/281/8 282/282/9
f 260/260/8 282/282/9 261/261/9
f 261/261/9 282/282/9 283/283/10
f 261/261/9 283/283/10 262/262/10
f 262/262/10 283/283/10 284/284/11
f 262/262/10 284/284/11 263/263/11
f 263/263/11 284/284/11 285/285/12
f 263/263/11 285/285/12 264/264/12
f 264/264/12 285/285/12 286/286/13
f 264/264/12 286/286/13 265/265/13
f 265/265/13 286/286/13 287/287/14
f 265/265/13 287/287/14 266/266/14
f 266/266/14 287/287/14 288/288/15
f 266/266/14 288/288/15 267/267/15
f 267/267/15 288/288/15 289/289/16
f 267/267/15 289/289/16 268/268/16
f 268/268/16 289/289/16 290/290/17
f 268/268/16 290/290/17 269/269/17
f 269/269/17 290/290/17 291/291/18
f 269/269/17 291/291/18 270/270/18
f 270/270/18 291/291/18 292/292/19
f 270/270/18 292/292/19 271/271/19
f 271/271/19 292/292/19 293/293/20
f 271/271/19 293/293/20 272/272/20
f 272/272/20 293/293/20 294/294/21
f 272/272/20 294/294/21 273/273/21
f 274/274/1 295/295/1 296/296/2
f 274/274/1 296/296/2 275/275/2
f 275/275/2 296/296/2 297/297/3
f 275/275/2 297/297/3 276/276/3
f 276/276/3 297/297/3 298/298/4
f 276/276/3 298/298/4 277/277/4
f 277/277/4 298/298/4 299/299/5
f 277/277/4 299/299/5 278/278/5
f 278/278/5 299/299/5 300/300/6
f 278/278/5 300/300/6 279/279/6
f 279/279/6 300/300/6 301/301/7
f 279/279/6 301/301/7 280/280/7
f 280/280/7 301/301/7 302/302/8
f 280/280/7 302/302/8 281/281/8
f 281/281/8 302/302/8 303/303/9
f 281/281/8 303/303/9 282/282/9
f 282/282/9 303/303/9 304/304/10
f 282/282/9 304/304/10 283/283/10
f 283/283/10 304/304/10 305/305/11
f 283/283/10 305/305/11 284/284/11
f 284/284/11 305/305/11 306/306/12
f 284/284/11 306/306/12 285/285/12
f 285/285/12 306/306/12 307/307/13
f 285/285/12 307/307/13 286/286/13
f 286/286/13 307/307/13 308/308/14
f 286/286/13 308/308/14 287/287/14
f 287/287/14 308/308/14 309/309/15
f 287/287/14 309/309/15 288/288/15
f 288/288/15 309/309/15 310/310/16
f 288/288/15 310/310/16 289/289/16
f 289/289/16 310/310/16 311/311/17
f 289/289/16 311/311/17 290/290/17
f 290/290/17 311/311/17 312/312/18
f 290/290/17 312/312/18 291/291/18
f 291/291/18 312/312/18 313/313/19
f 291/291/18 313/313/19 292/292/19
f 292/292/19 313/313/19 314/314/20
f 292/292/19 314/314/20 293/293/20
f 293/293/20 314/314/20 315/315/21
f 293/293/20 315/315/21 294/294/21
f 295/295/1 316/316/1 317/317/2
f 295/295/1 317/317/2 296/296/2
f 296/296/2 317/317/2 318/318/3
f 296/296/2 318/318/3 297/297/3
f 297/297/3 318/318/3 319/319/4
f 297/297/3 319/319/4 298/298/4
f 298/298/4 319/319/4 320/320/5
f 298/298/4 320/320/5 299/299/5
f 299/299/5 320/320/5 321/321/6
f 299/299/5 321/321/6 300/300/6
f 300/300/6 321/321/6 322/322/7
f 300/300/6 322/322/7 301/301/7
f 301/301/7 322/322/7 323/323/8
f 301/301/7 323/323/8 302/302/8
f 302/302/8 323/323/8 324/324/9
f 302/302/8 324/324/9 303/303/9
f 303/303/9 324/324/9 325/325/10
f 303/303/9 325/325/10 304/304/10
f 304/304/10 325/325/10 326/326/11
f 304/304/10 326/326/11 305/305/11
f 305/305/11 326/326/11 327/327/12
f 305/305/11 327/327/12 306/306/12
f 306/306/12 327/327/12 328/328/13
f 306/306/12 328/328/13 307/307/13
f 307/307/13 328/328/13 329/329/14
f 307/307/13 329/329/14 308/308/14
f 308/308/14 329/329/14 330/330/15
f 308/308/14 330/330/15 309/309/15
f 309/309/15 330/330/15 331/331/16
f 309/309/15 331/331/16 310/310/16
f 310/310/16 331/331/16 332/332/17
f 310/310/16 332/332/17 311/311/17
f 311/311/17 332/332/17 333/333/18
f 311/311/17 333/333/18 312/312/18
f 312/312/18 333/333/18 334/334/19
f 312/312/18 334/334/19 313/313/19
f 313/313/19 334/334/19 335/335/20
f 313/313/19 335/335/20 314/314/20
f 314/314/20 335/335/20 336/336/21
f 314/314/20 336/336/21 315/315/21
f 316/316/1 337/337/1 338/338/2
f 316/316/1 338/338/2 317/317/2
f 317/317/2 338/338/2 339/339/3
f 317/317/2 339/339/3 318/318/3
f 318/318/3 339/339/3 340/340/4
f 318/318/3 340/340/4 319/319/4
f 319/319/4 340/340/4 341/341/5
f 319/319/4 341/341/5 320/320/5
f 320/320/5 341/341/5 342/342/6
f 320/320/5 342/342/6 321/321/6
f 321/321/6 342/342/6 343/343/7
f 321/321/6 343/343/7 322/322/7
f 322/322/7 343/343/7 344/344/8
f 322/322/7 344/344/8 323/323/8
f 323/323/8 344/344/8 345/345/9
f 323/323/8 345/345/9 324/324/9
f 324/324/9 345/345/9 346/346/10
f 324/324/9 346/346/10 325/325/10
f 325/325/10 346/346/10 347/347/11
f 325/325/10 347/347/11 326/326/11
f 326/326/11 347/347/11 348/348/12
f 326/326/11 348/348/12 327/327/12
f 327/327/12 348/348/12 349/349/13
f 327/327/12 349/349/13 328/328/13
f 328/328/13 349/349/13 350/350/14
f 328/328/13 350/350/14 329/329/14
f 329/329/14 350/350/14 351/351/15
f 329/329/14 351/351/15 330/330/15
f 330/330/15 351/351/15 352/352/16
f 330/330/15 352/352/16 331/331/16
f 331/331/16 352/352/16 353/353/17
f 331/331/16 353/353/17 332/332/17
f 332/332/17 353/353/17 354/354/18
f 332/332/17 354/354/18 333/333/18
f 333/333/18 354/354/18 355/355/19
f 333/333/18 355/355/19 334/334/19
f 334/334/19 355/355/19 356/356/20
f 334/334/19 356/356/20 335/335/20
f 335/335/20 356/356/20 357/357/21
f 335/335/20 357/357/21 336/336/21
f 337/337/1 358/358/1 359/359/2
f 337/337/1 359/359/2 338/338/2
f 338/338/2 359/359/2 360/360/3
f 338/338/2 360/360/3 339/339/3
f 339/339/3 360/360/3 361/361/4
f 339/339/3 361/361/4 340/340/4
f 340/340/4 361/361/4 362/362/5
f 340/340/4 362/362/5 341/341/5
f 341/341/5 362/362/5 363/363/6
f 341/341/5 363/363/6 342/342/6
f 342/342/6 363/363/6 364/364/7
f 342/342/6 364/364/7 343/343/7
f 343/343/7 364/364/7 365/365/8
f 343/343/7 365/365/8 344/344/8
f 344/344/8 365/365/8 366/366/9
f 344/344/8 366/366/9 345/345/9
f 345/345/9 366/366/9 367/367/10
f 345/345/9 367/367/10 346/346/10
f 346/346/10 367/367/10 368/368/11
f 346/346/10 368/368/11 347/347/11
f 347/347/11 368/368/11 369/369/12
f 347/347/11 369/369/12 348/348/12
f 348/348/12 369/369/12 370/370/13
f 348/348/12 370/370/13 349/349/13
f 349/349/13 370/370/13 371/371/14
f 349/349/13 371/371/14 350/350/14
f 350/350/14 371/371/14 372/372/15
f 350/350/14 372/372/15 351/351/15
f 351/351/15 372/372/15 373/373/16
f 351/351/15 373/373/16 352/352/16
f 352/352/16 373/373/16 374/374/17
f 352/352/16 374/374/17 353/353/17
f 353/353/17 374/374/17 375/375/18
f 353/353/17 375/375/18 354/354/18
f 354/354/18 375/375/18 376/376/19
f 354/354/18 376/376/19 355/355/19
f 355/355/19 376/376/19 377/377/20
f 355/355/19 377/377/20 356/356/20
f 356/356/20 377/377/20 378/378/21
f 356/356/20 378/378/21 357/357/21
f 358/358/1 379/379/1 380/380/2
f 358/358/1 380/380/2 359/359/2
f 359/359/2 380/380/2 381/381/3
f 359/359/2 381/381/3 360/360/3
f 360/360/3 381/381/3 382/382/4
f 360/360/3 382/382/4 361/361/4
f 361/361/4 382/382/4 383/383/5
f 361/361/4 383/383/5 362/362/5
f 362/362/5 383/383/5 384/384/6
f 362/362/5 384/384/6 363/363/6
f 363/363/6 384/384/6 385/385/7
f 363/363/6 385/385/7 364/364/7
f 364/364/7 385/385/7 386/386/8
f 364/364/7 386/386/8 365/365/8
f 365/365/8 386/386/8 387/387/9
f 365/365/8 387/387/9 366/366/9
f 366/366/9 387/387/9 388/388/10
f 366/366/9 388/388/10 367/367/10
f 367/367/10 388/388/10 389/389/11
f 367/367/10 389/389/11 368/368/11
f 368/368/11 389/389/11 390/390/12
f 368/368/11 390/390/12 369/369/12
f 369/369/12 390/390/12 391/391/13
f 369/369/12 391/391/13 370/370/13
f 370/370/13 391/391/13 392/392/14
f 370/370/13 392/392/14 371/371/14
f 371/371/14 392/392/14 393/393/15
f 371/371/14 393/393/15 372/372/15
f 372/372/15 393/393/15 394/394/16
f 372/372/15 394/394/16 373/373/16
f 373/373/16 394/394/16 395/395/17
f 373/373/16 395/395/17 374/374/17
f 374/374/17 395/395/17 396/396/18
f 374/374/17 396/396/18 375/375/18
f 375/375/18 396/396/18 397/397/19
f 375/375/18 397/397/19 376/376/19
f 376/376/19 397/397/19 398/398/20
f 376/376/19 398/398/20 377/377/20
f 377/377/20 398/398/20 399/399/21
f 377/377/20 399/399/21 378/378/21
f 379/379/1 400/400/1 401/401/2
f 379/379/1 401/401/2 380/380/2
f 380/380/2 401/401/2 402/402/3
f 380/380/2 402/402/3 381/381/3
f 381/381/3 402/402/3 403/403/4
f 381/381/3 403/403/4 382/382/4
f 382/382/4 403/403/4 404/404/5
f 382/382/4 404/404/5 383/383/5
f 383/383/5 404/404/5 405/405/6
f 383/383/5 405/405/6 384/384/6
f 384/384/6 405/405/6 406/406/7
f 384/384/6 406/406/7 385/385/7
f 385/385/7 406/406/7 407/407/8
f 385/385/7 407/407/8 386/386/8
f 386/386/8 407/407/8 408/408/9
f 386/386/8 408/408/9 387/387/9
f 387/387/9 408/408/9 409/409/10
f 387/387/9 409/409/10 388/388/10
f 388/388/10 409/409/10 410/410/11
f 388/388/10 410/410/11 389/389/11
f 389/389/11 410/410/11 411/411/12
f 389/389/11 411/411/12 390/390/12
f 390/390/12 411/411/12 412/412/13
f 390/390/12 412/412/13 391/391/13
f 391/391/13 412/412/13 413/413/14
f 391/391/13 413/413/14 392/392/14
f 392/392/14 413/413/14 414/414/15
f 392/392/14 414/414/15 393/393/15
f 393/393/15 414/414/15 415/415/16
f 393/393/15 415/415/16 394/394/16
f 394/394/16 415/415/16 416/416/17
f 394/394/16 416/416/17 395/395/17
f 395/395/17 416/416/17 417/417/18
f 395/395/17 417/417/18 396/396/18
f 396/396/18 417/417/18 418/418/19
f 396/396/18 418/418/19 397/397/19
f 397/397/19 418/418/19 419/419/20
f 397/397/19 419/419/20 398/398/20
f 398/398/20 419/419/20 420/420/21
f 398/398/20 420/420/21 399/399/21
f 400/400/1 421/421/1 422/422/2
f 400/400/1 422/422/2 401/401/2
f 401/401/2 422/422/2 423/423/3
f 401/401/2 423/423/3 402/402/3
f 402/402/3 423/423/3 424/424/4
f 402/402/3 424/424/4 403/403/4
f 403/403/4 424/424/4 425/425/5
f 403/403/4 425/425/5 404/404/5
f 404/404/5 425/425/5 426/426/6
f 404/404/5 426/426/6 405/405/6
f 405/405/6 426/426/6 427/427/7
f 405/405/6 427/427/7 406/406/7
f 406/406/7 427/427/7 428/428/8
f 406/406/7 428/428/8 407/407/8
f 407/407/8 428/428/8 429/429/9
f 407/407/8 429/429/9 408/408/9
f 408/408/9 429/429/9 430/430/10
f 408/408/9 430/430/10 409/409/10
f 409/409/10 430/430/10 431/431/11
f 409/409/10 431/431/11 410/410/11
f 410/410/11 431/431/11 432/432/12
f 410/410/11 432/432/12 411/411/12
f 411/411/12 432/432/12 433/433/13
f 411/411/12 433/433/13 412/412/13
f 412/412/13 433/433/13 434/434/14
f 412/412/13 434/434/14 413/413/14
f 413/413/14 434/434/14 435/435/15
f 413/413/14 435/435/15 414/414/15
f 414/414/15 435/435/15 436/436/16
f 414/414/15 436/436/16 415/415/16
f 415/415/16 436/436/16 437/437/17
f 415/415/16 437/437/17 416/416/17
f 416/416/17 437/437/17 438/438/18
f 416/416/17 438/438/18 417/417/18
f 417/417/18 438/438/18 439/439/19
f 417/417/18 439/439/19 418/418/19
f 418/418/19 439/439/19 440/440/20
f 418/418/19 440/440/20 419/419/20
f 419/419/20 440/440/20 441/441/21
f 419/419/20 441/441/21 420/420/21
f 421/421/1 442/442/1 443/443/2
f 421/421/1 443/443/2 422/422/2
f 422/422/2 443/443/2 444/444/3
f 422/422/2 444/444/3 423/423/3
f 423/423/3 444/444/3 445/445/4
f 423/423/3 445/445/4 424/424/4
f 424/424/4 445/445/4 446/446/5
f 424/424/4 446/446/5 425/425/5
f 425/425/5 446/446/5 447/447/6
f 425/425/5 447/447/6 426/426/6
f 426/426/6 447/447/6 448/448/7
f 426/426/6 448/448/7 427/427/7
f 427/427/7 448/448/7 449/449/8
f 427/427/7 449/449/8 428/428/8
f 428/428/8 449/449/8 450/450/9
f 428/428/8 450/450/9 429/429/9
f 429/429/9 450/450/9 451/451/10
f 429/429/9 451/451/10 430/430/10
f 430/430/10 451/451/10 452/452/11
f 430/430/10 452/452/11 431/431/11
f 431/431/11 452/452/11 453/453/12
f 431/431/11 453/453/12 432/432/12
f 432/432/12 453/453/12 454/454/13
f 432/432/12 454/454/13 433/433/13
f 433/433/13 454/454/13 455/455/14
f 433/433/13 455/455/14 434/434/14
f 434/434/14 455/455/14 456/456/15
f 434/434/14 456/456/15 435/435/15
f 435/435/15 456/456/15 457/457/16
f 435/435/15 457/457/16 436/436/16
f 436/436/16 457/457/16 458/458/17
f 436/436/16 458/458/17 437/437/17
f 437/437/17 458/458/17 459/459/18
f 437/437/17 459/459/18 438/438/18
f 438/438/18 459/459/18 460/460/19
f 438/438/18 460/460/19 439/439/19
f 439/439/19 460/460/19 461/461/20
f 439/439/19 461/461/20 440/440/20
f 440/440/20 461/461/20 462/462/21
f 440/440/20 462/462/21 441/441/21
f 442/442/1 463/463/1 464/464/2
f 442/442/1 464/464/2 443/443/2
f 443/443/2 464/464/2 465/465/3
f 443/443/2 465/465/3 444/444/3
f 444/444/3 465/465/3 466/466/4
f 444/444/3 466/466/4 445/445/4
f 445/445/4 466/466/4 467/467/5
f 445/445/4 467/467/5 446/446/5
f 446/446/5 467/467/5 468/468/6
f 446/446/5 468/468/6 447/447/6
f 447/447/6 468/468/6 469/469/7
f 447/447/6 469/469/7 448/448/7
f 448/448/7 469/469/7 470/470/8
f 448/448/7 470/470/8 449/449/8
f 449/449/8 470/470/8 471/471/9
f 449/449/8 471/471/9 450/450/9
f 450/450/9 471/471/9 472/472/10
f 450/450/9 472/472/10 451/451/10
f 451/451/10 472/472/10 473/473/11
f 451/451/10 473/473/11 452/452/11
f 452/452/11 473/473/11 474/474/12
f 452/452/11 474/474/12 453/453/12
f 453/453/12 474/474/12 475/475/13
f 453/453/12 475/475/13 454/454/13
f 454/454/13 475/475/13 476/476/14
f 454/454/13 476/476/14 455/455/14
f 455/455/14 476/476/14 477/477/15
f 455/455/14 477/477/15 456/456/15
f 456/456/15 477/477/15 478/478/16
f 456/456/15 478/478/16 457/457/16
f 457/457/16 478/478/16 479/479/17
f 457/457/16 479/479/17 458/458/17
f 458/458/17 479/479/17 480/480/18
f 458/458/17 480/480/18 459/459/18
f 459/459/18 480/480/18 481/481/19
f 459/459/18 481/481/19 460/460/19
f 460/460/19 481/481/19 482/482/20
f 460/460/19 482/482/20 461/461/20
f 461/461/20 482/482/20 483/483/21
f 461/461/20 483/483/21 462/462/21
f 463/463/1 484/484/1 485/485/2
f 463/463/1 485/485/2 464/464/2
f 464/464/2 485/485/2 486/486/3
f 464/464/2 486/486/3 465/465/3
f 465/465/3 486/486/3 487/487/4
f 465/465/3 487/487/4 466/466/4
f 466/466/4 487/487/4 488/488/5
f 466/466/4 488/488/5 467/467/5
f 467/467/5 488/488/5 489/489/6
f 467/467/5 489/489/6 468/468/6
f 468/468/6 489/489/6 490/490/7
f 468/468/6 490/490/7 469/469/7
f 469/469/7 490/490/7 491/491/8
f 469/469/7 491/491/8 470/470/8
f 470/470/8 491/491/8 492/492/9
f 470/470/8 492/492/9 471/471/9
f 471/471/9 492/492/9 493/493/10
f 471/471/9 493/493/10 472/472/10
f 472/472/10 493/493/10 494/494/11
f 472/472/10 494/494/11 473/473/11
f 473/473/11 494/494/11 495/495/12
f 473/473/11 495/495/12 474/474/12
f 474/474/12 495/495/12 496/496/13
f 474/474/12 496/496/13 475/475/13
f 475/475/13 496/496/13 497/497/14
f 475/475/13 497/497/14 476/476/14
f 476/476/14 497/497/14 498/498/15
f 476/476/14 498/498/15 477/477/15
f 477/477/15 498/498/15 499/499/16
f 477/477/15 499/499/16 478/478/16
f 478/478/16 499/499/16 500/500/17
f 478/478/16 500/500/17 479/479/17
f 479/479/17 500/500/17 501/501/18
f 479/479/17 501/501/18 480/480/18
f 480/480/18 501/501/18 502/502/19
f 480/480/18 502/502/19 481/481/19
f 481/481/19 502/502/19 503/503/20
f 481/481/19 503/503/20 482/482/20
f 482/482/20 503/503/20 504/504/21
f 482/482/20 504/504/21 483/483/21
f 484/484/1 505/505/1 506/506/2
f 484/484/1 506/506/2 485/485/2
f 485/485/2 506/506/2 507/507/3
f 485/485/2 507/507/3 486/486/3
f 486/486/3 507/507/3 508/508/4
f 486/486/3 508/508/4 487/487/4
f 487/487/4 508/508/4 509/509/5
f 487/487/4 509/509/5 488/488/5
f 488/488/5 509/509/5 510/510/6
f 488/488/5 510/510/6 489/489/6
f 489/489/6 510/510/6 511/511/7
f 489/489/6 511/511/7 490/490/7
f 490/490/7 511/511/7 512/512/8
f 490/490/7 512/512/8 491/491/8
f 491/491/8 512/512/8 513/513/9
f 491/491/8 513/513/9 492/492/9
f 492/492/9 513/513/9 514/514/10
f 492/492/9 514/514/10 493/493/10
f 493/493/10 514/514/10 515/515/11
f 493/493/10 515/515/11 494/494/11
f 494/494/11 515/515/11 516/516/12
f 494/494/11 516/516/12 495/495/12
f 495/495/12 516/516/12 517/517/13
f 495/495/12 517/517/13 496/496/13
f 496/496/13 517/517/13 518/518/14
f 496/496/13 518/518/14 497/497/14
f 497/497/14 518/518/14 519/519/15
f 497/497/14 519/519/15 498/498/15
f 498/498/15 519/519/15 520/520/16
f 498/498/15 520/520/16 499/499/16
f 499/499/16 520/520/16 521/521/17
f 499/499/16 521/521/17 500/500/17
f 500/500/17 521/521/17 522/522/18
f 500/500/17 522/522/18 501/501/18
f 501/501/18 522/522/18 523/523/19
f 501/501/18 523/523/19 502/502/19
f 502/502/19 523/523/19 524/524/20
f 502/502/19 524/524/20 503/503/20
f 503/503/20 524/524/20 525/525/21
f 503/503/20 525/525/21 504/504/21
f 505/505/1 526/526/1 527/527/2
f 505/505/1 527/527/2 506/506/2
f 506/506/2 527/527/2 528/528/3
f 506/506/2 528/528/3 507/507/3
f 507/507/3 528/528/3 529/529/4
f 507/507/3 529/529/4 508/508/4
f 508/508/4 529/529/4 530/530/5
f 508/508/4 530/530/5 509/509/5
f 509/509/5 530/530/5 531/531/6
f 509/509/5 531/531/6 510/510/6
f 510/510/6 531/531/6 532/532/7
f 510/510/6 532/532/7 511/511/7
f 511/511/7 532/532/7 533/533/8
f 511/511/7 533/533/8 512/512/8
f 512/512/8 533/533/8 534/534/9
f 512/512/8 534/534/9 513/513/9
f 513/513/9 534/534/9 535/535/10
f 513/513/9 535/535/10 514/514/10
f 514/514/10 535/535/10 536/536/11
f 514/514/10 536/536/11 515/515/11
f 515/515/11 536/536/11 537/537/12
f 515/515/11 537/537/12 516/516/12
f 516/516/12 537/537/12 538/538/13
f 516/516/12 538/538/13 517/517/13
f 517/517/13 538/538/13 539/539/14
f 517/517/13 539/539/14 518/518/14
f 518/518/14 539/539/14 540/540/15
f 518/518/14 540/540/15 519/519/15
f 519/519/15 540/540/15 541/541/16
f 519/519/15 541/541/16 520/520/16
f 520/520/16 541/541/16 542/542/17
f 520/520/16 542/542/17 521/521/17
f 521/521/17 542/542/17 543/543/18
f 521/521/17 543/543/18 522/522/18
f 522/522/18 543/543/18 544/544/19
f 522/522/18 544/544/19 523/523/19
f 523/523/19 544/544/19 545/545/20
f 523/523/19 545/545/20 524/524/20
f 524/524/20 545/545/20 546/546/21
f 524/524/20 546/546/21 525/525/21
f 526/526/1 547/547/1 548/548/2
f 526/526/1 548/548/2 527/527/2
f 527/527/2 548/548/2 549/549/3
f 527/527/2 549/549/3 528/528/3
f 528/528/3 549/549/3 550/550/4
f 528/528/3 550/550/4 529/529/4
f 529/529/4 550/550/4 551/551/5
f 529/529/4 551/551/5 530/530/5
f 530/530/5 551/551/5 552/552/6
f 530/530/5 552/552/6 531/531/6
f 531/531/6 552/552/6 553/553/7
f 531/531/6 553/553/7 532/532/7
f 532/532/7 553/553/7 554/554/8
f 532/532/7 554/554/8 533/533/8
f 533/533/8 554/554/8 555/555/9
f 533/533/8 555/555/9 534/534/9
f 534/534/9 555/555/9 556/556/10
f 534/534/9 556/556/10 535/535/10
f 535/535/10 556/556/10 557/557/11
f 535/535/10 557/557/11 536/536/11
f 536/536/11 557/557/11 558/558/12
f 536/536/11 558/558/12 537/537/12
f 537/537/12 558/558/12 559/559/13
f 537/537/12 559/559/13 538/538/13
f 538/538/13 559/559/13 560/560/14
f 538/538/13 560/560/14 539/539/14
f 539/539/14 560/560/14 561/561/15
f 539/539/14 561/561/15 540/540/15
f 540/540/15 561/561/15 562/562/16
f 540/540/15 562/562/16 541/541/16
f 541/541/16 562/562/16 563/563/17
f 541/541/16 563/563/17 542/542/17
f 542/542/17 563/563/17 564/564/18
f 542/542/17 564/564/18 543/543/18
f 543/543/18 564/564/18 565/565/19
f 543/543/18 565/565/19 544/544/19
f 544/544/19 565/565/19 566/566/20
f 544/544/19 566/566/20 545/545/20
f 545/545/20 566/566/20 567/567/21
f 545/545/20 567/567/21 546/546/21
f 547/547/1 568/568/1 569/569/2
f 547/547/1 569/569/2 548/548/2
f 548/548/2 569/569/2 570/570/3
f 548/548/2 570/570/3 549/549/3
f 549/549/3 570/570/3 571/571/4
f 549/549/3 571/571/4 550/550/4
f 550/550/4 571/571/4 572/572/5
f 550/550/4 572/572/5 551/551/5
f 551/551/5 572/572/5 573/573/6
f 551/551/5 573/573/6 552/552/6
f 552/552/6 573/573/6 574/574/7
f 552/552/6 574/574/7 553/553/7
f 553/553/7 574/574/7 575/575/8
f 553/553/7 575/575/8 554/554/8
f 554/554/8 575/575/8 576/576/9
f 554/554/8 576/576/9 555/555/9
f 555/555/9 576/576/9 577/577/10
f 555/555/9 577/577/10 556/556/10
f 556/556/10 577/577/10 578/578/11
f 556/556/10 578/578/11 557/557/11
f 557/557/11 578/578/11 579/579/12
f 557/557/11 579/579/12 558/558/12
f 558/558/12 579/579/12 580/580/13
f 558/558/12 580/580/13 559/559/13
f 559/559/13 580/580/13 581/581/14
f 559/559/13 581/581/14 560/560/14
f 560/560/14 581/581/14 582/582/15
f 560/560/14 582/582/15 561/561/15
f 561/561/15 582/582/15 583/583/16
f 561/561/15 583/583/16 562/562/16
f 562/562/16 583/583/16 584/584/17
f 562/562/16 584/584/17 563/563/17
f 563/563/17 584/584/17 585/585/18
f 563/563/17 585/585/18 564/564/18
f 564/564/18 585/585/18 586/586/19
f 564/564/18 586/586/19 565/565/19
f 565/565/19 586/586/19 587/587/20
f 565/565/19 587/587/20 566/566/20
f 566/566/20 587/587/20 588/588/21
f 566/566/20 588/588/21 567/567/21
f 568/568/1 589/589/1 590/590/2
f 568/568/1 590/590/2 569/569/2
f 569/569/2 590/590/2 591/591/3
f 569/569/2 591/591/3 570/570/3
f 570/570/3 591/591/3 592/592/4
f 570/570/3 592/592/4 571/571/4
f 571/571/4 592/592/4 593/593/5
f 571/571/4 593/593/5 572/572/5
f 572/572/5 593/593/5 594/594/6
f 572/572/5 594/594/6 573/573/6
f 573/573/6 594/594/6 595/595/7
f 573/573/6 595/595/7 574/574/7
f 574/574/7 595/595/7 596/596/8
f 574/574/7 596/596/8 575/575/8
f 575/575/8 596/596/8 597/597/9
f 575/575/8 597/597/9 576/576/9
f 576/576/9 597/597/9 598/598/10
f 576/576/9 598/598/10 577/577/10
f 577/577/10 598/598/10 599/599/11
f 577/577/10 599/599/11 578/578/11
f 578/578/11 599/599/11 600/600/12
f 578/578/11 600/600/12 579/579/12
f 579/579/12 600/600/12 601/601/13
f 579/579/12 601/601/13 580/580/13
f 580/580/13 601/601/13 602/602/14
f 580/580/13 602/602/14 581/581/14
f 581/581/14 602/602/14 603/603/15
f 581/581/14 603/603/15 582/582/15
f 582/582/15 603/603/15 604/604/16
f 582/582/15 604/604/16 583/583/16
f 583/583/16 604/604/16 605/605/17
f 583/583/16 605/605/17 584/584/17
f 584/584/17 605/605/17 606/606/18
f 584/584/17 606/606/18 585/585/18
f 585/585/18 606/606/18 607/607/19
f 585/585/18 607/607/19 586/586/19
f 586/586/19 607/607/19 608/608/20
f 586/586/19 608/608/20 587/587/20
f 587/587/20 608/608/20 609/609/21
f 587/587/20 609/609/21 588/588/21
f 589/589/1 610/610/1 611/611/2
f 589/589/1 611/611/2 590/590/2
f 590/590/2 611/611/2 612/612/3
f 590/590/2 612/612/3 591/591/3
f 591/591/3 612/612/3 613/613/4
f 591/591/3 613/613/4 592/592/4
f 592/592/4 613/613/4 614/614/5
f 592/592/4 614/614/5 593/593/5
f 593/593/5 614/614/5 615/615/6
f 593/593/5 615/615/6 594/594/6
f 594/594/6 615/615/6 616/616/7
f 594/594/6 616/616/7 595/595/7
f 595/595/7 616/616/7 617/617/8
f 595/595/7 617/617/8 596/596/8
f 596/596/8 617/617/8 618/618/9
f 596/596/8 618/618/9 597/597/9
f 597/597/9 618/618/9 619/619/10
f 597/597/9 619/619/10 598/598/10
f 598/598/10 619/619/10 620/620/11
f 598/598/10 620/620/11 599/599/11
f 599/599/11 620/620/11 621/621/12
f 599/599/11 621/621/12 600/600/12
f 600/600/12 621/621/12 622/622/13
f 600/600/12 622/622/13 601/601/13
f 601/601/13 622/622/13 623/623/14
f 601/601/13 623/623/14 602/602/14
f 602/602/14 623/623/14 624/624/15
f 602/602/14 624/624/15 603/603/15
f 603/603/15 624/624/15 625/625/16
f 603/603/15 625/625/16 604/604/16
f 604/604/16 625/625/16 626/626/17
f 604/604/16 626/626/17 605/605/17
f 605/605/17 626/626/17 627/627/18
f 605/605/17 627/627/18 606/606/18
f 606/606/18 627/627/18 628/628/19
f 606/606/18 628/628/19 607/607/19
f 607/607/19 628/628/19 629/629/20
f 607/607/19 629/629/20 608/608/20
f 608/608/20 629/629/20 630/630/21
f 608/608/20 630/630/21 609/609/21
f 610/610/1 631/631/1 632/632/2
f 610/610/1 632/632/2 611/611/2
f 611/611/2 632/632/2 633/633/3
f 611/611/2 633/633/3 612/612/3
f 612/612/3 633/633/3 634/634/4
f 612/612/3 634/634/4 613/613/4
f 613/613/4 634/634/4 635/635/5
f 613/613/4 635/635/5 614/614/5
f 614/614/5 635/635/5 636/636/6
f 614/614/5 636/636/6 615/615/6
f 615/615/6 636/636/6 637/637/7
f 615/615/6 637/637/7 616/616/7
f 616/616/7 637/637/7 638/638/8
f 616/616/7 638/638/8 617/617/8
f 617/617/8 638/638/8 639/639/9
f 617/617/8 639/639/9 618/618/9
f 618/618/9 639/639/9 640/640/10
f 618/618/9 640/640/10 619/619/10
f 619/619/10 640/640/10 641/641/11
f 619/619/10 641/641/11 620/620/11
f 620/620/11 641/641/11 642/642/12
f 620/620/11 642/642/12 621/621/12
f 621/621/12 642/642/12 643/643/13
f 621/621/12 643/643/13 622/622/13
f 622/622/13 643/643/13 644/644/14
f 622/622/13 644/644/14 623/623/14
f 623/623/14 644/644/14 645/645/15
f 623/623/14 645/645/15 624/624/15
f 624/624/15 645/645/15 646/646/16
f 624/624/15 646/646/16 625/625/16
f 625/625/16 646/646/16 647/647/17
f 625/625/16 647/647/17 626/626/17
f 626/626/17 647/647/17 648/648/18
f 626/626/17 648/648/18 627/627/18
f 627/627/18 648/648/18 649/649/19
f 627/627/18 649/649/19 628/628/19
f 628/628/19 649/649/19 650/650/20
f 628/628/19 650/650/20 629/629/20
f 629/629/20 650/650/20 651/651/21
f 629/629/20 651/651/21 630/630/21
f 631/631/1 652/652/1 653/653/2
f 631/631/1 653/653/2 632/632/2
f 632/632/2 653/653/2 654/654/3
f 632/632/2 654/654/3 633/633/3
f 633/633/3 654/654/3 655/655/4
f 633/633/3 655/655/4 634/634/4
f 634/634/4 655/655/4 656/656/5
f 634/634/4 656/656/5 635/635/5
f 635/635/5 656/656/5 657/657/6
f 635/635/5 657/657/6 636/636/6
f 636/636/6 657/657/6 658/658/7
f 636/636/6 658/658/7 637/637/7
f 637/637/7 658/658/7 659/659/8
f 637/637/7 659/659/8 638/638/8
f 638/638/8 659/659/8 660/660/9
f 638/638/8 660/660/9 639/639/9
f 639/639/9 660/660/9 661/661/10
f 639/639/9 661/661/10 640/640/10
f 640/640/10 661/661/10 662/662/11
f 640/640/10 662/662/11 641/641/11
f 641/641/11 662/662/11 663/663/12
f 641/641/11 663/663/12 642/642/12
f 642/642/12 663/663/12 664/664/13
f 642/642/12 664/664/13 643/643/13
f 643/643/13 664/664/13 665/665/14
f 643/643/13 665/665/14 644/644/14
f 644/644/14 665/665/14 666/666/15
f 644/644/14 666/666/15 645/645/15
f 645/645/15 666/666/15 667/667/16
f 645/645/15 667/667/16 646/646/16
f 646/646/16 667/667/16 668/668/17
f 646/646/16 668/668/17 647/647/17
f 647/647/17 668/668/17 669/669/18
f 647/647/17 669/669/18 648/648/18
f 648/648/18 669/669/18 670/670/19
f 648/648/18 670/670/19 649/649/19
f 649/649/19 670/670/19 671/671/20
f 649/649/19 671/671/20 650/650/20
f 650/650/20 671/671/20 672/672/21
f 650/650/20 672/672/21 651/651/21
f 652/652/1 673/673/1 674/674/2
f 652/652/1 674/674/2 653/653/2
f 653/653/2 674/674/2 675/675/3
f 653/653/2 675/675/3 654/654/3
f 654/654/3 675/675/3 676/676/4
f 654/654/3 676/676/4 655/655/4
f 655/655/4 676/676/4 677/677/5
f 655/655/4 677/677/5 656/656/5
f 656/656/5 677/677/5 678/678/6
f 656/656/5 678/678/6 657/657/6
f 657/657/6 678/678/6 679/679/7
f 657/657/6 679/679/7 658/658/7
f 658/658/7 679/679/7 680/680/8
f 658/658/7 680/680/8 659/659/8
f 659/659/8 680/680/8 681/681/9
f 659/659/8 681/681/9 660/660/9
f 660/660/9 681/681/9 682/682/10
f 660/660/9 682/682/10 661/661/10
f 661/661/10 682/682/10 683/683/11
f 661/661/10 683/683/11 662/662/11
f 662/662/11 683/683/11 684/684/12
f 662/662/11 684/684/12 663/663/12
f 663/663/12 684/684/12 685/685/13
f 663/663/12 685/685/13 664/664/13
f 664/664/13 685/685/13 686/686/14
f 664/664/13 686/686/14 665/665/14
f 665/665/14 686/686/14 687/687/15
f 665/665/14 687/687/15 666/666/15
f 666/666/15 687/687/15 688/688/16
f 666/666/15 688/688/16 667/667/16
f 667/667/16 688/688/16 689/689/17
f 667/667/16 689/689/17 668/668/17
f 668/668/17 689/689/17 690/690/18
f 668/668/17 690/690/18 669/669/18
f 669/669/18 690/690/18 691/691/19
f 669/669/18 691/691/19 670/670/19
f 670/670/19 691/691/19 692/692/20
f 670/670/19 692/692/20 671/671/20
f 671/671/20 692/692/20 693/693/21
f 671/671/20 693/693/21 672/672/21
f 673/673/1 694/694/1 695/695/2
f 673/673/1 695/695/2 674/674/2
f 674/674/2 695/695/2 696/696/3
f 674/674/2 696/696/3 675/675/3
f 675/675/3 696/696/3 697/697/4
f 675/675/3 697/697/4 676/676/4
f 676/676/4 697/697/4 698/698/5
f 676/676/4 698/698/5 677/677/5
f 677/677/5 698/698/5 699/699/6
f 677/677/5 699/699/6 678/678/6
f 678/678/6 699/699/6 700/700/7
f 678/678/6 700/700/7 679/679/7
f 679/679/7 700/700/7 701/701/8
f 679/679/7 701/701/8 680/680/8
f 680/680/8 701/701/8 702/702/9
f 680/680/8 702/702/9 681/681/9
f 681/681/9 702/702/9 703/703/10
f 681/681/9 703/703/10 682/682/10
f 682/682/10 703/703/10 704/704/11
f 682/682/10 704/704/11 683/683/11
f 683/683/11 704/704/11 705/705/12
f 683/683/11 705/705/12 684/684/12
f 684/684/12 705/705/12 706/706/13
f 684/684/12 706/706/13 685/685/13
f 685/685/13 706/706/13 707/707/14
f 685/685/13 707/707/14 686/686/14
f 686/686/14 707/707/14 708/708/15
f 686/686/14 708/708/15 687/687/15
f 687/687/15 708/708/15 709/709/16
f 687/687/15 709/709/16 688/688/16
f 688/688/16 709/709/16 710/710/17
f 688/688/16 710/710/17 689/689/17
f 689/689/17 710/710/17 711/711/18
f 689/689/17 711/711/18 690/690/18
f 690/690/18 711/711/18 712/712/19
f 690/690/18 712/712/19 691/691/19
f 691/691/19 712/712/19 713/713/20
f 691/691/19 713/713/20 692/692/20
f 692/692/20 713/713/20 714/714/21
f 692/692/20 714/714/21 693/693/21
f 694/694/1 715/715/1 716/716/2
f 694/694/1 716/716/2 695/695/2
f 695/695/2 716/716/2 717/717/3
f 695/695/2 717/717/3 696/696/3
f 696/696/3 717/717/3 718/718/4
f 696/696/3 718/718/4 697/697/4
f 697/697/4 718/718/4 719/719/5
f 697/697/4 719/719/5 698/698/5
f 698/698/5 719/719/5 720/720/6
f 698/698/5 720/720/6 699/699/6
f 699/699/6 720/720/6 721/721/7
f 699/699/6 721/721/7 700/700/7
f 700/700/7 721/721/7 722/722/8
f 700/700/7 722/722/8 701/701/8
f 701/701/8 722/722/8 723/723/9
f 701/701/8 723/723/9 702/702/9
f 702/702/9 723/723/9 724/724/10
f 702/702/9 724/724/10 703/703/10
f 703/703/10 724/724/10 725/725/11
f 703/703/10 725/725/11 704/704/11
f 704/704/11 725/725/11 726/726/12
f 704/704/11 726/726/12 705/705/12
f 705/705/12 726/726/12 727/727/13
f 705/705/12 727/727/13 706/706/13
f 706/706/13 727/727/13 728/728/14
f 706/706/13 728/728/14 707/707/14
f 707/707/14 728/728/14 729/729/15
f 707/707/14 729/729/15 708/708/15
f 708/708/15 729/729/15 730/730/16
f 708/708/15 730/730/16 709/709/16
f 709/709/16 730/730/16 731/731/17
f 709/709/16 731/731/17 710/710/17
f 710/710/17 731/731/17 732/732/18
f 710/710/17 732/732/18 711/711/18
f 711/711/18 732/732/18 733/733/19
f 711/711/18 733/733/19 712/712/19
f 712/712/19 733/733/19 734/734/20
f 712/712/19 734/734/20 713/713/20
f 713/713/20 734/734/20 735/735/21
f 713/713/20 735/735/21 714/714/21
f 715/715/1 736/736/1 737/737/2
f 715/715/1 737/737/2 716/716/2
f 716/716/2 737/737/2 738/738/3
f 716/716/2 738/738/3 717/717/3
f 717/717/3 738/738/3 739/739/4
f 717/717/3 739/739/4 718/718/4
f 718/718/4 739/739/4 740/740/5
f 718/718/4 740/740/5 719/719/5
f 719/719/5 740/740/5 741/741/6
f 719/719/5 741/741/6 720/720/6
f 720/720/6 741/741/6 742/742/7
f 720/720/6 742/742/7 721/721/7
f 721/721/7 742/742/7 743/743/8
f 721/721/7 743/743/8 722/722/8
f 722/722/8 743/743/8 744/744/9
f 722/722/8 744/744/9 723/723/9
f 723/723/9 744/744/9 745/745/10
f 723/723/9 745/745/10 724/724/10
f 724/724/10 745/745/10 746/746/11
f 724/724/10 746/746/11 725/725/11
f 725/725/11 746/746/11 747/747/12
f 725/725/11 747/747/12 726/726/12
f 726/726/12 747/747/12 748/748/13
f 726/726/12 748/748/13 727/727/13
f 727/727/13 748/748/13 749/749/14
f 727/727/13 749/749/14 728/728/14
f 728/728/14 749/749/14 750/750/15
f 728/728/14 750/750/15 729/729/15
f 729/729/15 750/750/15 751/751/16
f 729/729/15 751/751/16 730/730/16
f 730/730/16 751/751/16 752/752/17
f 730/730/16 752/752/17 731/731/17
f 731/731/17 752/752/17 753/753/18
f 731/731/17 753/753/18 732/732/18
f 732/732/18 753/753/18 754/754/19
f 732/732/18 754/754/19 733/733/19
f 733/733/19 754/754/19 755/755/20
f 733/733/19 755/755/20 734/734/20
f 734/734/20 755/755/20 756/756/21
f 734/734/20 756/756/21 735/735/21
f 736/736/1 757/757/1 758/758/2
f 736/736/1 758/758/2 737/737/2
f 737/737/2 758/758/2 759/759/3
f 737/737/2 759/759/3 738/738/3
f 738/738/3 759/759/3 760/760/4
f 738/738/3 760/760/4 739/739/4
f 739/739/4 760/760/4 761/761/5
f 739/739/4 761/761/5 740/740/5
f 740/740/5 761/761/5 762/762/6
f 740/740/5 762/762/6 741/741/6
f 741/741/6 762/762/6 763/763/7
f 741/741/6 763/763/7 742/742/7
f 742/742/7 763/763/7 764/764/8
f 742/742/7 764/764/8 743/743/8
f 743/743/8 764/764/8 765/765/9
f 743/743/8 765/765/9 744/744/9
f 744/744/9 765/765/9 766/766/10
f 744/744/9 766/766/10 745/745/10
f 745/745/10 766/766/10 767/767/11
f 745/745/10 767/767/11 746/746/11
f 746/746/11 767/767/11 768/768/12
f 746/746/11 768/768/12 747/747/12
f 747/747/12 768/768/12 769/769/13
f 747/747/12 769/769/13 748/748/13
f 748/748/13 769/769/13 770/770/14
f 748/748/13 770/770/14 749/749/14
f 749/749/14 770/770/14 771/771/15
f 749/749/14 771/771/15 750/750/15
f 750/750/15 771/771/15 772/772/16
f 750/750/15 772/772/16 751/751/16
f 751/751/16 772/772/16 773/773/17
f 751/751/16 773/773/17 752/752/17
f 752/752/17 773/773/17 774/774/18
f 752/752/17 774/774/18 753/753/18
f 753/753/18 774/774/18 775/775/19
f 753/753/18 775/775/19 754/754/19
f 754/754/19 775/775/19 776/776/20
f 754/754/19 776/776/20 755/755/20
f 755/755/20 776/776/20 777/777/21
f 755/755/20 777/777/21 756/756/21
f 757/757/1 778/778/1 779/779/2
f 757/757/1 779/779/2 758/758/2
f 758/758/2 779/779/2 780/780/3
f 758/758/2 780/780/3 759/759/3
f 759/759/3 780/780/3 781/781/4
f 759/759/3 781/781/4 760/760/4
f 760/760/4 781/781/4 782/782/5
f 760/760/4 782/782/5 761/761/5
f 761/761/5 782/782/5 783/783/6
f 761/761/5 783/783/6 762/762/6
f 762/762/6 783/783/6 784/784/7
f 762/762/6 784/784/7 763/763/7
f 763/763/7 784/784/7 785/785/8
f 763/763/7 785/785/8 764/764/8
f 764/764/8 785/785/8 786/786/9
f 764/764/8 786/786/9 765/765/9
f 765/765/9 786/786/9 787/787/10
f 765/765/9 787/787/10 766/766/10
f 766/766/10 787/787/10 788/788/11
f 766/766/10 788/788/11 767/767/11
f 767/767/11 788/788/11 789/789/12
f 767/767/11 789/789/12 768/768/12
f 768/768/12 789/789/12 790/790/13
f 768/768/12 790/790/13 769/769/13
f 769/769/13 790/790/13 791/791/14
f 769/769/13 791/791/14 770/770/14
f 770/770/14 791/791/14 792/792/15
f 770/770/14 792/792/15 771/771/15
f 771/771/15 792/792/15 793/793/16
f 771/771/15 793/793/16 772/772/16
f 772/772/16 793/793/16 794/794/17
f 772/772/16 794/794/17 773/773/17
f 773/773/17 794/794/17 795/795/18
f 773/773/17 795/795/18 774/774/18
f 774/774/18 795/795/18 796/796/19
f 774/774/18 796/796/19 775/775/19
f 775/775/19 796/796/19 797/797/20
f 775/775/19 797/797/20 776/776/20
f 776/776/20 797/797/20 798/798/21
f 776/776/20 798/798/21 777/777/21
f 778/778/1 799/799/1 800/800/2
f 778/778/1 800/800/2 779/779/2
f 779/779/2 800/800/2 801/801/3
f 779/779/2 801/801/3 780/780/3
f 780/780/3 801/801/3 802/802/4
f 780/780/3 802/802/4 781/781/4
f 781/781/4 802/802/4 803/803/5
f 781/781/4 803/803/5 782/782/5
f 782/782/5 803/803/5 804/804/6
f 782/782/5 804/804/6 783/783/6
f 783/783/6 804/804/6 805/805/7
f 783/783/6 805/805/7 784/784/7
f 784/784/7 805/805/7 806/806/8
f 784/784/7 806/806/8 785/785/8
f 785/785/8 806/806/8 807/807/9
f 785/785/8 807/807/9 786/786/9
f 786/786/9 807/807/9 808/808/10
f 786/786/9 808/808/10 787/787/10
f 787/787/10 808/808/10 809/809/11
f 787/787/10 809/809/11 788/788/11
f 788/788/11 809/809/11 810/810/12
f 788/788/11 810/810/12 789/789/12
f 789/789/12 810/810/12 811/811/13
f 789/789/12 811/811/13 790/790/13
f 790/790/13 811/811/13 812/812/14
f 790/790/13 812/812/14 791/791/14
f 791/791/14 812/812/14 813/813/15
f 791/791/14 813/813/15 792/792/15
f 792/792/15 813/813/15 814/814/16
f 792/792/15 814/814/16 793/793/16
f 793/793/16 814/814/16 815/815/17
f 793/793/16 815/815/17 794/794/17
f 794/794/17 815/815/17 816/816/18
f 794/794/17 816/816/18 795/795/18
f 795/795/18 816/816/18 817/817/19
f 795/795/18 817/817/19 796/796/19
f 796/796/19 817/817/19 818/818/20
f 796/796/19 818/818/20 797/797/20
f 797/797/20 818/818/20 819/819/21
f 797/797/20 819/819/21 798/798/21
f 799/799/1 820/820/1 821/821/2
f 799/799/1 821/821/2 800/800/2
f 800/800/2 821/821/2 822/822/3
f 800/800/2 822/822/3 801/801/3
f 801/801/3 822/822/3 823/823/4
f 801/801/3 823/823/4 802/802/4
f 802/802/4 823/823/4 824/824/5
f 802/802/4 824/824/5 803/803/5
f 803/803/5 824/824/5 825/825/6
f 803/803/5 825/825/6 804/804/6
f 804/804/6 825/825/6 826/826/7
f 804/804/6 826/826/7 805/805/7
f 805/805/7 826/826/7 827/827/8
f 805/805/7 827/827/8 806/806/8
f 806/806/8 827/827/8 828/828/9
f 806/806/8 828/828/9 807/807/9
f 807/807/9 828/828/9 829/829/10
f 807/807/9 829/829/10 808/808/10
f 808/808/10 829/829/10 830/830/11
f 808/808/10 830/830/11 809/809/11
f 809/809/11 830/830/11 831/831/12
f 809/809/11 831/831/12 810/810/12
f 810/810/12 831/831/12 832/832/13
f 810/810/12 832/832/13 811/811/13
f 811/811/13 832/832/13 833/833/14
f 811/811/13 833/833/14 812/812/14
f 812/812/14 833/833/14 834/834/15
f 812/812/14 834/834/15 813/813/15
f 813/813/15 834/834/15 835/835/16
f 813/813/15 835/835/16 814/814/16
f 814/814/16 835/835/16 836/836/17
f 814/814/16 836/836/17 815/815/17
f 815/815/17 836/836/17 837/837/18
f 815/815/17 837/837/18 816/816/18
f 816/816/18 837/837/18 838/838/19
f 816/816/18 838/838/19 817/817/19
f 817/817/19 838/838/19 839/839/20
f 817/817/19 839/839/20 818/818/20
f 818/818/20 839/839/20 840/840/21
f 818/818/20 840/840/21 819/819/21
f 820/820/1 841/841/1 842/842/2
f 820/820/1 842/842/2 821/821/2
f 821/821/2 842/842/2 843/843/3
f 821/821/2 843/843/3 822/822/3
f 822/822/3 843/843/3 844/844/4
f 822/822/3 844/844/4 823/823/4
f 823/823/4 844/844/4 845/845/5
f 823/823/4 845/845/5 824/824/5
f 824/824/5 845/845/5 846/846/6
f 824/824/5 846/846/6 825/825/6
f 825/825/6 846/846/6 847/847/7
f 825/825/6 847/847/7 826/826/7
f 826/826/7 847/847/7 848/848/8
f 826/826/7 848/848/8 827/827/8
f 827/827/8 848/848/8 849/849/9
f 827/827/8 849/849/9 828/828/9
f 828/828/9 849/849/9 850/850/10
f 828/828/9 850/850/10 829/829/10
f 829/829/10 850/850/10 851/851/11
f 829/829/10 851/851/11 830/830/11
f 830/830/11 851/851/11 852/852/12
f 830/830/11 852/852/12 831/831/12
f 831/831/12 852/852/12 853/853/13
f 831/831/12 853/853/13 832/832/13
f 832/832/13 853/853/13 854/854/14
f 832/832/13 854/854/14 833/833/14
f 833/833/14 854/854/14 855/855/15
f 833/833/14 855/855/15 834/834/15
f 834/834/15 855/855/15 856/856/16
f 834/834/15 856/856/16 835/835/16
f 835/835/16 856/856/16 857/857/17
f 835/835/16 857/857/17 836/836/17
f 836/836/17 857/857/17 858/858/18
f 836/836/17 858/858/18 837/837/18
f 837/837/18 858/858/18 859/859/19
f 837/837/18 859/859/19 838/838/19
f 838/838/19 859/859/19 860/860/20
f 838/838/19 860/860/20 839/839/20
f 839/839/20 860/860/20 861/861/21
f 839/839/20 861/861/21 840/840/21
f 841/841/1 862/862/1 863/863/2
f 841/841/1 863/863/2 842/842/2
f 842/842/2 863/863/2 864/864/3
f 842/842/2 864/864/3 843/843/3
f 843/843/3 864/864/3 865/865/4
f 843/843/3 865/865/4 844/844/4
f 844/844/4 865/865/4 866/866/5
f 844/844/4 866/866/5 845/845/5
f 845/845/5 866/866/5 867/867/6
f 845/845/5 867/867/6 846/846/6
f 846/846/6 867/867/6 868/868/7
f 846/846/6 868/868/7 847/847/7
f 847/847/7 868/868/7 869/869/8
f 847/847/7 869/869/8 848/848/8
f 848/848/8 869/869/8 870/870/9
f 848/848/8 870/870/9 849/849/9
f 849/849/9 870/870/9 871/871/10
f 849/849/9 871/871/10 850/850/10
f 850/850/10 871/871/10 872/872/11
f 850/850/10 872/872/11 851/851/11
f 851/851/11 872/872/11 873/873/12
f 851/851/11 873/873/12 852/852/12
f 852/852/12 873/873/12 874/874/13
f 852/852/12 874/874/13 853/853/13
f 853/853/13 874/874/13 875/875/14
f 853/853/13 875/875/14 854/854/14
f 854/854/14 875/875/14 876/876/15
f 854/854/14 876/876/15 855/855/15
f 855/855/15 876/876/15 877/877/16
f 855/855/15 877/877/16 856/856/16
f 856/856/16 877/877/16 878/878/17
f 856/856/16 878/878/17 857/857/17
f 857/857/17 878/878/17 879/879/18
f 857/857/17 879/879/18 858/858/18
f 858/858/18 879/879/18 880/880/19
f 858/858/18 880/880/19 859/859/19
f 859/859/19 880/880/19 881/881/20
f 859/859/19 881/881/20 860/860/20
f 860/860/20 881/881/20 882/882/21
f 860/860/20 882/882/21 861/861/21
f 862/862/1 883/883/1 884/884/2
f 862/862/1 884/884/2 863/863/2
f 863/863/2 884/884/2 885/885/3
f 863/863/2 885/885/3 864/864/3
f 864/864/3 885/885/3 886/886/4
f 864/864/3 886/886/4 865/865/4
f 865/865/4 886/886/4 887/887/5
f 865/865/4 887/887/5 866/866/5
f 866/866/5 887/887/5 888/888/6
f 866/866/5 888/888/6 867/867/6
f 867/867/6 888/888/6 889/889/7
f 867/867/6 889/889/7 868/868/7
f 868/868/7 889/889/7 890/890/8
f 868/868/7 890/890/8 869/869/8
f 869/869/8 890/890/8 891/891/9
f 869/869/8 891/891/9 870/870/9
f 870/870/9 891/891/9 892/892/10
f 870/870/9 892/892/10 871/871/10
f 871/871/10 892/892/10 893/893/11
f 871/871/10 893/893/11 872/872/11
f 872/872/11 893/893/11 894/894/12
f 872/872/11 894/894/12 873/873/12
f 873/873/12 894/894/12 895/895/13
f 873/873/12 895/895/13 874/874/13
f 874/874/13 895/895/13 896/896/14
f 874/874/13 896/896/14 875/875/14
f 875/875/14 896/896/14 897/897/15
f 875/875/14 897/897/15 876/876/15
f 876/876/15 897/897/15 898/898/16
f 876/876/15 898/898/16 877/877/16
f 877/877/16 898/898/16 899/899/17
f 877/877/16 899/899/17 878/878/17
f 878/878/17 899/899/17 900/900/18
f 878/878/17 900/900/18 879/879/18
f 879/879/18 900/900/18 901/901/19
f 879/879/18 901/901/19 880/880/19
f 880/880/19 901/901/19 902/902/20
f 880/880/19 902/902/20 881/881/20
f 881/881/20 902/902/20 903/903/21
f 881/881/20 903/903/21 882/882/21
f 883/883/1 904/904/1 905/905/2
f 883/883/1 905/905/2 884/884/2
f 884/884/2 905/905/2 906/906/3
f 884/884/2 906/906/3 885/885/3
f 885/885/3 906/906/3 907/907/4
f 885/885/3 907/907/4 886/886/4
f 886/886/4 907/907/4 908/908/5
f 886/886/4 908/908/5 887/887/5
f 887/887/5 908/908/5 909/909/6
f 887/887/5 909/909/6 888/888/6
f 888/888/6 909/909/6 910/910/7
f 888/888/6 910/910/7 889/889/7
f 889/889/7 910/910/7 911/911/8
f 889/889/7 911/911/8 890/890/8
f 890/890/8 911/911/8 912/912/9
f 890/890/8 912/912/9 891/891/9
f 891/891/9 912/912/9 913/913/10
f 891/891/9 913/913/10 892/892/10
f 892/892/10 913/913/10 914/914/11
f 892/892/10 914/914/11 893/893/11
f 893/893/11 914/914/11 915/915/12
f 893/893/11 915/915/12 894/894/12
f 894/894/12 915/915/12 916/916/13
f 894/894/12 916/916/13 895/895/13
f 895/895/13 916/916/13 917/917/14
f 895/895/13 917/917/14 896/896/14
f 896/896/14 917/917/14 918/918/15
f 896/896/14 918/918/15 897/897/15
f 897/897/15 918/918/15 919/919/16
f 897/897/15 919/919/16 898/898/16
f 898/898/16 919/919/16 920/920/17
f 898/898/16 920/920/17 899/899/17
f 899/899/17 920/920/17 921/921/18
f 899/899/17 921/921/18 900/900/18
f 900/900/18 921/921/18 922/922/19
f 900/900/18 922/922/19 901/901/19
f 901/901/19 922/922/19 923/923/20
f 901/901/19 923/923/20 902/902/20
f 902/902/20 923/923/20 924/924/21
f 902/902/20 924/924/21 903/903/21
f 904/904/1 925/925/1 926/926/2
f 904/904/1 926/926/2 905/905/2
f 905/905/2 926/926/2 927/927/3
f 905/905/2 927/927/3 906/906/3
f 906/906/3 927/927/3 928/928/4
f 906/906/3 928/928/4 907/907/4
f 907/907/4 928/928/4 929/929/5
f 907/907/4 929/929/5 908/908/5
f 908/908/5 929/929/5 930/930/6
f 908/908/5 930/930/6 909/909/6
f 909/909/6 930/930/6 931/931/7
f 909/909/6 931/931/7 910/910/7
f 910/910/7 931/931/7 932/932/8
f 910/910/7 932/932/8 911/911/8
f 911/911/8 932/932/8 933/933/9
f 911/911/8 933/933/9 912/912/9
f 912/912/9 933/933/9 934/934/10
f 912/912/9 934/934/10 913/913/10
f 913/913/10 934/934/10 935/935/11
f 913/913/10 935/935/11 914/914/11
f 914/914/11 935/935/11 936/936/12
f 914/914/11 936/936/12 915/915/12
f 915/915/12 936/936/12 937/937/13
f 915/915/12 937/937/13 916/916/13
f 916/916/13 937/937/13 938/938/14
f 916/916/13 938/938/14 917/917/14
f 917/917/14 938/938/14 939/939/15
f 917/917/14 939/939/15 918/918/15
f 918/918/15 939/939/15 940/940/16
f 918/918/15 940/940/16 919/919/16
f 919/919/16 940/940/16 941/941/17
f 919/919/16 941/941/17 920/920/17
f 920/920/17 941/941/17 942/942/18
f 920/920/17 942/942/18 921/921/18
f 921/921/18 942/942/18 943/943/19
f 921/921/18 943/943/19 922/922/19
f 922/922/19 943/943/19 944/944/20
f 922/922/19 944/944/20 923/923/20
f 923/923/20 944/944/20 945/945/21
f 923/923/20 945/945/21 924/924/21
f 925/925/1 946/946/1 947/947/2
f 925/925/1 947/947/2 926/926/2
f 926/926/2 947/947/2 948/948/3
f 926/926/2 948/948/3 927/927/3
f 927/927/3 948/948/3 949/949/4
f 927/927/3 949/949/4 928/928/4
f 928/928/4 949/949/4 950/950/5
f 928/928/4 950/950/5 929/929/5
f 929/929/5 950/950/5 951/951/6
f 929/929/5 951/951/6 930/930/6
f 930/930/6 951/951/6 952/952/7
f 930/930/6 952/952/7 931/931/7
f 931/931/7 952/952/7 953/953/8
f 931/931/7 953/953/8 932/932/8
f 932/932/8 953/953/8 954/954/9
f 932/932/8 954/954/9 933/933/9
f 933/933/9 954/954/9 955/955/10
f 933/933/9 955/955/10 934/934/10
f 934/934/10 955/955/10 956/956/11
f 934/934/10 956/956/11 935/935/11
f 935/935/11 956/956/11 957/957/12
f 935/935/11 957/957/12 936/936/12
f 936/936/12 957/957/12 958/958/13
f 936/936/12 958/958/13 937/937/13
f 937/937/13 958/958/13 959/959/14
f 937/937/13 959/959/14 938/938/14
f 938/938/14 959/959/14 960/960/15
f 938/938/14 960/960/15 939/939/15
f 939/939/15 960/960/15 961/961/16
f 939/939/15 961/961/16 940/940/16
f 940/940/16 961/961/16 962/962/17
f 940/940/16 962/962/17 941/941/17
f 941/941/17 962/962/17 963/963/18
f 941/941/17 963/963/18 942/942/18
f 942/942/18 963/963/18 964/964/19
f 942/942/18 964/964/19 943/943/19
f 943/943/19 964/964/19 965/965/20
f 943/943/19 965/965/20 944/944/20
f 944/944/20 965/965/20 966/966/21
f 944/944/20 966/966/21 945/945/21
f 946/946/1 967/967/1 968/968/2
f 946/946/1 968/968/2 947/947/2
f 947/947/2 968/968/2 969/969/3
f 947/947/2 969/969/3 948/948/3
f 948/948/3 969/969/3 970/970/4
f 948/948/3 970/970/4 949/949/4
f 949/949/4 970/970/4 971/971/5
f 949/949/4 971/971/5 950/950/5
f 950/950/5 971/971/5 972/972/6
f 950/950/5 972/972/6 951/951/6
f 951/951/6 972/972/6 973/973/7
f 951/951/6 973/973/7 952/952/7
f 952/952/7 973/973/7 974/974/8
f 952/952/7 974/974/8 953/953/8
f 953/953/8 974/974/8 975/975/9
f 953/953/8 975/975/9 954/954/9
f 954/954/9 975/975/9 976/976/10
f 954/954/9 976/976/10 955/955/10
f 955/955/10 976/976/10 977/977/11
f 955/955/10 977/977/11 956/956/11
f 956/956/11 977/977/11 978/978/12
f 956/956/11 978/978/12 957/957/12
f 957/957/12 978/978/12 979/979/13
f 957/957/12 979/979/13 958/958/13
f 958/958/13 979/979/13 980/980/14
f 958/958/13 980/980/14 959/959/14
f 959/959/14 980/980/14 981/981/15
f 959/959/14 981/981/15 960/960/15
f 960/960/15 981/981/15 982/982/16
f 960/960/15 982/982/16 961/961/16
f 961/961/16 982/982/16 983/983/17
f 961/961/16 983/983/17 962/962/17
f 962/962/17 983/983/17 984/984/18
f 962/962/17 984/984/18 963/963/18
f 963/963/18 984/984/18 985/985/19
f 963/963/18 985/985/19 964/964/19
f 964/964/19 985/985/19 986/986/20
f 964/964/19 986/986/20 965/965/20
f 965/965/20 986/986/20 987/987/21
f 965/965/20 987/987/21 966/966/21
f 967/967/1 988/988/1 989/989/2
f 967/967/1 989/989/2 968/968/2
f 968/968/2 989/989/2 990/990/3
f 968/968/2 990/990/3 969/969/3
f 969/969/3 990/990/3 991/991/4
f 969/969/3 991/991/4 970/970/4
f 970/970/4 991/991/4 992/992/5
f 970/970/4 992/992/5 971/971/5
f 971/971/5 992/992/5 993/993/6
f 971/971/5 993/993/6 972/972/6
f 972/972/6 993/993/6 994/994/7
f 972/972/6 994/994/7 973/973/7
f 973/973/7 994/994/7 995/995/8
f 973/973/7 995/995/8 974/974/8
f 974/974/8 995/995/8 996/996/9
f 974/974/8 996/996/9 975/975/9
f 975/975/9 996/996/9 997/997/10
f 975/975/9 997/997/10 976/976/10
f 976/976/10 997/997/10 998/998/11
f 976/976/10 998/998/11 977/977/11
f 977/977/11 998/998/11 999/999/12
f 977/977/11 999/999/12 978/978/12
f 978/978/12 999/999/12 1000/1000/13
f 978/978/12 1000/1000/13 979/979/13
f 979/979/13 1000/1000/13 1001/1001/14
f 979/979/13 1001/1001/14 980/980/14
f 980/980/14 1001/1001/14 1002/1002/15
f 980/980/14 1002/1002/15 981/981/15
f 981/981/15 1002/1002/15 1003/1003/16
f 981/981/15 1003/1003/16 982/982/16
f 982/982/16 1003/1003/16 1004/1004/17
f 982/982/16 1004/1004/17 983/983/17
f 983/983/17 1004/1004/17 1005/1005/18
f 983/983/17 1005/1005/18 984/984/18
f 984/984/18 1005/1005/18 1006/1006/19
f 984/984/18 1006/1006/19 985/985/19
f 985/985/19 1006/1006/19 1007/1007/20
f 985/985/19 1007/1007/20 986/986/20
f 986/986/20 1007/1007/20 1008/1008/21
f 986/986/20 1008/1008/21 987/987/21
f 988/988/1 1009/1009/1 1010/1010/2
f 988/988/1 1010/1010/2 989/989/2
f 989/989/2 1010/1010/2 1011/1011/3
f 989/989/2 1011/1011/3 990/990/3
f 990/990/3 1011/1011/3 1012/1012/4
f 990/990/3 1012/1012/4 991/991/4
f 991/991/4 1012/1012/4 1013/1013/5
f 991/991/4 1013/1013/5 992/992/5
f 992/992/5 1013/1013/5 1014/1014/6
f 992/992/5 1014/1014/6 993/993/6
f 993/993/6 1014/1014/6 1015/1015/7
f 993/993/6 1015/1015/7 994/994/7
f 994/994/7 1015/1015/7 1016/1016/8
f 994/994/7 1016/1016/8 995/995/8
f 995/995/8 1016/1016/8 1017/1017/9
f 995/995/8 1017/1017/9 996/996/9
f 996/996/9 1017/1017/9 1018/1018/10
f 996/996/9 1018/1018/10 997/997/10
f 997/997/10 1018/1018/10 1019/1019/11
f 997/997/10 1019/1019/11 998/998/11
f 998/998/11 1019/1019/11 1020/1020/12
f 998/998/11 1020/1020/12 999/999/12
f 999/999/12 1020/1020/12 1021/1021/13
f 999/999/12 1021/1021/13 1000/1000/13
f 1000/1000/13 1021/1021/13 1022/1022/14
f 1000/1000/13 1022/1022/14 1001/1001/14
f 1001/1001/14 1022/1022/14 1023/1023/15
f 1001/1001/14 1023/1023/15 1002/1002/15
f 1002/1002/15 1023/1023/15 1024/1024/16
f 1002/1002/15 1024/1024/16 1003/1003/16
f 1003/1003/16 1024/1024/16 1025/1025/17
f 1003/1003/16 1025/1025/17 1004/1004/17
f 1004/1004/17 1025/1025/17 1026/1026/18
f 1004/1004/17 1026/1026/18 1005/1005/18
f 1005/1005/18 1026/1026/18 1027/1027/19
f 1005/1005/18 1027/1027/19 1006/1006/19
f 1006/1006/19 1027/1027/19 1028/1028/20
f 1006/1006/19 1028/1028/20 1007/1007/20
f 1007/1007/20 1028/1028/20 1029/1029/21
f 1007/1007/20 1029/1029/21 1008/1008/21
